"Pot.ID","Population","Line","Replicate","Treatment","pot.labelled.","Labelled.Pot.Weight..g.","Pot...dry.Soil.Weight..g.","Soil.Added.Weight..g.","Soil.Mix.Batch.Number.x","Pot...wet.soil.weight..g.","Water.weight..g.","H20.g....soil..g.","First.Calc.of.FC.weight","oven.dried.soil..g.","oven.dried.soil...empty.pot..W0.","g.H20.at.FC..wf.W0.equivalent.","Notes.x","Soil.Mix.Batch.Number.y","Emergence","notes.x","Bolting","Flowering","Wilted_Died","Leaf_Collected","FreshWt_g","SatWt_g","DriedWt_g","Notes.y","LeafArea","LeafPerimeter","Scale..pixels.cm.","Notes.1","SLA","LDMC","RWC","LeafNum_.07222021","Notes.x","LeafNum_08262021","NumRemoved_08262021","RosetteLeafNum_10042021","StalkLeafNum_10042021","notes.y","RosetteLeafNum_bolt","notes.1","RosetteLeafNum_Flower","StalkLeafNum_Flower","notes.2","Harvest.Date","RosetteLeafNum","FreshRosetteG","DryRosetteG","FreshReproG","DryReproG","FreshRootG","DryRootG","Notes.y","Root_to_Shoot","Repro_to_Ros","IJ_FruitCount","FruitCounter","BranchStructure","LatBranches","PrimaryStalks","Height_cm","TotFruit","FruitCollected","FruitColLocation","DoneFlwr","NumFlwrLeft","Notes","FruitColWt_mg","SeedColWt_mg","ScanPosition","ScanPhotoName","IJ_SeedCount","SeedCounter","Notes2"
"B12-11-C","BELM","12","11","Current","yes","6.817","56.8417","50.0247","1","180.05","123.21","2.46","120.77","22.86","29.68",143.57,"","1","6/29/2021","","9/16/2021","10/1/2021","","10/1/2021",0.1012,0.1171,0.0079,"",5.25,16.013,"","",664.556962025316,0.067463706233988,0.854395604395604,6,"",17,"n",22,29,"7 on lateral shoots",NA,"",NA,NA,"flowered 10/1","11/16/2021",22,"1.35",0.1915,"-",1.5509,"0.86",0.11385,"",0.0653409090909091,8.09869451697128,797,"TM","broken",6,9,54.5,"878",10,"15,17,21,23,25,27,29,32,2 on sides","n","13","broken branch is not drying; 3 additional primary stalks had no flowers and were not counted",19.58,12.83,"9","4",504,"","KB assumed"
"B12-11-CF","BELM","12","11","Current/Future","yes","6.443","56.493","50.05","1","176.53","120.04","2.40","120.83","22.87","29.31",143.64,"","1","6/28/2021","","9/13/2021","9/21/2021","","9/22/2021",0.0173,0.0214,0.0025,"open 9/23; no scale in photo",0.999,5.848,"","converted",399.6,0.116822429906542,0.783068783068783,5,"",15,"n",23,24,"",NA,"",NA,NA,"flowered 9/21","11/5/2021",25,"0.2267",0.05136,"0.5091",0.14243,"-",NA,"",NA,2.77316978193146,110,"TM","leaning",7,7,21.5,"124",10,"2 on sides,6,21,22,30,32,35,37,39","y","0","all small fruits; 4 branches are just started; 6 primary stalks noted as tiny",11.02,4.42,"1","6",266,"CH",""
"B12-11-F","BELM","12","11","Future","yes","6.859","56.413","49.554","1","185.43","129.02","2.60","119.63","22.64","29.50",142.22,"","1","6/27/2021","","9/14/2021","9/28/2021","","9/28/2021",0.0249,0.0297,0.0036,"",1.376,7.194,"","",382.222222222222,0.121212121212121,0.816091954022988,9,"",18,"n",27,29,"",NA,"",NA,NA,"flowered 9/29","11/3/2021",27,"0.5896",0.08732,"0.939",0.24528,"-",NA,"",NA,2.80897846999542,144,"TM","bent",8,5,30,"151",10,"11,14,16,18,19,15,22,24,26,29","y","0","4 pirmary stalks noted as tiny; 3 noted as no flower and not counted",19.44,13.49,"12","10",538,"SB","552 was old count (no initials) - weird that this and 10-11 are identical but I double checked it"
"B12-12-C","BELM","12","12","Current","yes","6.64","56.914","50.274","4","157.72","100.81","2.01","121.37","22.97","29.61",144.29,"","4","7/7/2021","this one just seems strange… maybe just super late? Starting to water triggered germ?","9/17/2021","10/3/2021","","10/3/2021",0.0543,0.0619,0.0047,"",3.121,12.272,"","",664.042553191489,0.0759289176090469,0.867132867132867,4,"",10,"n",15,6,"flower 10/3",NA,"",NA,NA,"","11/16/2021",14,"-",0.08158,"-",0.9884,"-",NA,"",NA,12.1157146359402,550,"TM","leaning",6,8,57.5,"584",10,"11,13,15,17,19,21,23,25,27,29","y","0","",21.33,13.2,"10","4",523,"","KB assumed"
"B12-12-CF","BELM","12","12","Current/Future","yes","6.696","56.9385","50.2425","1","179.27","122.33","2.43","121.29","22.96","29.65",144.2,"","1","7/15/2021","initial germination marked 6/28; empty on 7/1 and 7/13; not empty on 7/15 and has open cotelydons","9/13/2021","9/27/2021","","9/22/2021",0.0076,0.0107,0.00107,"dried on 10^-5 scale; no scale in photo",0.57,4.307,"","converted",532.710280373832,0.1,0.678089304257529,2,"",7,"n",16,17,"",NA,"",NA,NA,"flowered 9/27","11/2/2021",15,"0.1344",0.01597,"0.4067",0.08886,"-",NA,"",NA,5.56418284283031,58,"TM","bent",5,3,NA,"61",10,"1,3,10,11,12,13,18,21,24,33","n","-","and leaning",13.63,7.86,"1","10",364,"SB",""
"B12-12-F","BELM","12","12","Future","yes","7.4057","57.1185","49.7128","1","180.93","123.81","2.49","120.01","22.72","30.12",142.67,"","1","6/27/2021","","9/15/2021","10/5/2021","","10/5/2021",0.0278,0.0348,0.0041,"",1.583,7.025,"","",386.09756097561,0.117816091954023,0.771986970684039,10,"",22,"n",28,10,"",NA,"",NA,NA,"flowered 10/5","11/6/2021",30,"0.3754",0.09255,"0.9693",0.27726,"-",NA,"",NA,2.99578606158833,209,"TM","leaning",8,9,20.5,"223",10,"1 on side, 8,10,13,15,17,19,31,33,37","y","0","8 primary stalks noted as tiny; 1 noted as no flower and not counted",16.56,10.58,"3","4",420,"","KB assumed"
"B12-13-C","BELM","12","13","Current","yes","6.808","57.2148","50.4068","8","176.96","119.75","2.38","121.69","23.03","29.84",144.67,"","8","6/28/2021","","9/16/2021","10/3/2021","","10/3/2021",0.1057,0.1178,0.0094,"",5.589,16.811,"","",594.574468085106,0.0797962648556876,0.888376383763838,6,"",15,"n",22,22,"15 on lateral shoots",NA,"",NA,NA,"flowered 10/3","11/15/2021",21,"-",0.21867,"-",1.502,"-",NA,"",NA,6.86879773174189,807,"TM","broken",6,14,54,"940",10,"5,7,11,13,15,17,19,21,23,25","n","23","broken branch is drying",15.4,8.45,"3","5",378,"CC",""
"B12-13-CF","BELM","12","13","Current/Future","yes","6.812","57.0065","50.1945","1","184.84","127.83","2.55","121.18","22.94","29.75",144.06,"","1","6/28/2021","","9/12/2021","9/19/2021","","9/22/2021",0.0286,0.0387,0.0045,"open 9/23; no scale in photo",1.506,6.692,"","",334.666666666667,0.116279069767442,0.704678362573099,8,"on track for CF. this was noted as B1-3",20,"n",23,35,"",NA,"",NA,NA,"flowered 9/19","11/1/2021",23,"0.5214",0.0863,"0.8427",0.27263,"-",NA,"",NA,3.15909617612978,127,"TM","bent",5,1,23,"144",10,"22,26,12,13,14,2,6,8,16,17","y","0","siliques moldy",19.78,13.55,"11","9",510,"SB","overestimate with all the dark/flat seeds: 538"
"B12-13-F","BELM","12","13","Future","yes","6.737","57.1019","50.3649","2","181.33","124.23","2.47","121.59","23.01","29.75",144.55,"","2","6/27/2021","","9/13/2021","9/29/2021","-","9/29/2021",0.0272,0.0343,0.0038,"",1.315,6.547,"","",346.052631578947,0.110787172011662,0.767213114754098,10,"",22,"n",30,29,"",NA,"",NA,NA,"flowered 9/29","11/5/2021",30,"0.4839",0.08956,"0.6879",0.21423,"-",NA,"",NA,2.39202769093345,141,"TM","bent",8,9,23,"157",10,"6,8,10,12,14,16,18,20,22,24","y","0","2 branches are only just started; 8 tiny primary stalks counted",19.33,12.77,"8","7",432,"CC",""
"B12-14-C","BELM","12","14","Current","yes","6.809","56.3944","49.5854","6","182.91","126.52","2.55","119.71","22.66","29.47",142.31,"","6","6/27/2021","","9/16/2021","9/28/2021","","9/28/2021",0.0804,0.0937,0.0068,"no scale in photo",4.399,14.349,"","",646.911764705882,0.0725720384204909,0.846950517836594,6,"",18,"n",22,25,"13 on lateral shoots",NA,"",NA,NA,"flowered 9/28","11/16/2021",20,"-",0.17958,"-",1.6429,"-",NA,"",NA,9.1485688829491,853,"TM","broken",6,11,59,"966",10,"14,15,17,19,22,24,26,28,32,34","n","14","broken branch is drying",21.04,12.95,"2","5",531,"CC",""
"B12-14-CF","BELM","12","14","Current/Future","yes","6.94","57.2896","50.3496","2","187.84","130.55","2.59","121.55","23.01","29.95",144.5,"","2","6/28/2021","","9/12/2021","9/22/2021","","9/22/2021",0.0299,0.0392,0.0048,"open 9/23; no scale in photo",1.644,7.149,"","",342.5,0.122448979591837,0.729651162790698,7,"",19,"n",21,30,"14 on lateral (small)",NA,"",NA,NA,"flowered 9/22","11/2/2021",22,"0.6037",0.09545,"0.8077",0.24876,"-",NA,"",NA,2.60618124672604,101,"TM","bent",4,1,25.3,"138",10,"7,10,11,13,18,25,28,34,38,52","y","0","6 'tiny tiny' primary stalks were not counted; silique moldy",21.12,14.2,"8","9",458,"SB","overestimate with all the dark/flat seeds: 490"
"B12-14-F","BELM","12","14","Future","yes","6.833","56.536","49.703","4","172.25","115.71","2.33","119.99","22.71","29.55",142.65,"","4","6/27/2021","","9/13/2021","10/4/2021","","10/4/2021",0.0268,0.0324,0.004,"",1.537,6.848,"","",384.25,0.123456790123457,0.802816901408451,10,"",21,"n",29,9,"",NA,"",NA,NA,"flowered 10/4","11/4/2021",31,"0.4806",0.08627,"1.172",0.26079,"-",NA,"",NA,3.0229511997218,235,"TM","bent",8,8,27,"249",10,"1,4,7,10,13,16,29,32,35,1 from side","y","0","apicle clipped. See notes. I no longer know what this means and did not find a note on the harvest date in my notebook. 7 primary stalks noted as tiny + 2 noted as no flower not counted",14.65,8.63,"9","10",363,"SB",""
"B12-15-C","BELM","12","15","Current","yes","6.822","56.9775","50.1555","3","180.47","123.49","2.46","121.08","22.92","29.74",143.95,"","3","6/29/2021","","9/16/2021","10/5/2021","","10/5/2021",0.1241,0.1407,0.0103,"open 10/6",6.68,18.686,"","",648.543689320388,0.0732054015636105,0.872699386503068,6,"",17,"n",24,26,"9 on lateral shoots",NA,"",NA,NA,"flowered 10/5","11/16/2021",20,"1.46",0.22084,"-",1.8799,"1.18",0.17706,"",0.0842845854318002,8.5124977359174,1007,"TM","bent",6,10,59.5,"1094",10,"8,14,17,19,20,21,23,25,26 + 2 on sides","n","49","5 additional primary stalks with no flowers",21.23,13.28,"3","3",524,"CH",""
"B12-15-CF","BELM","12","15","Current/Future","yes","6.393","56.3082","49.9152","mix","183.31","127.00","2.54","120.50","22.81","29.20",143.26,"","mix","6/29/2021","","9/13/2021","9/18/2021","","9/22/2021",0.018,0.024,0.0034,"open 9/23; no scale in photo",1.181,6.347,"","",347.352941176471,0.141666666666667,0.70873786407767,6,"",14,"n",22,20,"",NA,"",NA,NA,"flowered 9/18","11/3/2021",23,"0.4237",0.06428,"0.7114",0.24164,"-",NA,"",NA,3.75917859365277,118,"TM","bent",7,8,24,"128",10,"4,7,9,11,15,19,21,3 from side","n","-","5 tiny primar stalks were included",17.41,11.43,"6","10",412,"SB","with coutnign small darker ones: 470"
"B12-15-F","BELM","12","15","Future","yes","6.814","57.1506","50.3366","5","174.35","117.20","2.33","121.52","23.00","29.82",144.47,"","5","6/27/2021","","9/13/2021","9/29/2021","7/22/2021","9/29/2021",0.0275,0.0323,0.0033,"",1.551,7.315,"","",470,0.102167182662539,0.83448275862069,11,"",23,"n",31,41,"",NA,"",NA,NA,"flowered 9/29","11/3/2021",33,"0.5874",0.09786,"1.1293",0.30559,"-",NA,"",NA,3.12272634375639,166,"TM","leaning",8,9,21,"195",10,"9,11,13,15,17,19,21,23,25,28","y","0","8 primary stalks counted as tiny",20.84,14.06,"11","10",538,"SB",""
"B1-6-C","BELM","1","6","Current","yes","6.442","56.728","50.286","3","178.61","121.88","2.42","121.40","22.98","29.42",144.32,"","3","6/29/2021","","9/17/2021","10/11/2021","","10/11/2021",0.1817,0.2013,0.0128,"might not be bolted by 9/29; removed 1 leaf 9/29",NA,NA,"","MISSING",NA,0.0635866865375062,0.896021220159151,6,"",14,"n",22,9,"10 on lateral shoots",NA,"",21,32,"6 lateral shoots started (many leaves)","11/15/2021",22,"-",0.32695,"-",2.156,"-",NA,"",NA,6.59428047102003,888,"TM","bent",10,11,61,"944",10,"5,8,10,12,14,15,17,20,22,24","n","43","3 additional primary stalks with no flowers",16,9.5,"4","5",419,"CC",""
"B1-6-CF","BELM","1","6","Current/Future","yes","6.597","56.5288","49.9318","6","183.76","127.23","2.55","120.54","22.82","29.41",143.3,"","6","6/28/2021","","9/23/2021","10/5/2021","","10/5/2021",0.0668,0.0754,0.0079,"no scale in photo",3.739,10.411,"","",473.291139240506,0.104774535809019,0.872592592592593,6,"",16,"n",25,8,"",NA,"",NA,NA,"flowered 10/5","11/5/2021",24,"0.8391",0.16277,"1.6336",0.4213,"-",NA,"",NA,2.58831480002457,281,"TM","straight",8,11,20,"319",10,"11,13,14,15,17,19,22,24,26,28","y","0","some branches are bent; 3 primary stalks were noted as tiny, 1 with no flowers was not counted",15.96,10.57,"3","10",416,"SB","did not count small darker ones that I think were flat seeds…471 when counting those"
"B1-6-F","BELM","1","6","Future","yes","7.294","57.1998","49.9058","6","185.55","128.35","2.57","120.48","22.80","30.10",143.23,"","6","6/27/2021","","10/5/2021","10/17/2021","","10/17/2021",0.0588,0.0688,0.0062,"",2.947,11.064,"","",475.322580645161,0.0901162790697674,0.840255591054313,8,"",20,"n",29,0,"",NA,"",30,14,"8 leaves are crispy","11/9/2021",33,"0.4475",0.13508,"1.1905",0.32766,"-",0.0425,"root mass was collected with a different protocol so I might not want to use it. See notes in lab notebook.",0.091844232182219,2.42567367485934,196,"TM","bent",12,11,26,"233",10,"6,8,10,12,14,16,18,20,22,24","y","0","8 primary stalks counted as tiny",15.18,9.15,"6","9",479,"SB",""
"B12-1-C","BELM","12","1","Current","yes","6.81","56.3139","49.5039","4","166.38","110.07","2.22","119.51","22.62","29.43",142.08,"","4","7/5/2021"," got one in each environment to germinate at least","9/16/2021","10/6/2021","","10/6/2021",0.0571,0.0694,0.0051,"removed 1 leaf 9/30",3.353,12.099,"","",657.450980392157,0.0734870317002882,0.808709175738725,4,"",10,"n",19,12,"4 on lateral shoots",NA,"",18,0,"not sure which day four on lateral is for","11/17/2021",16,"-",0.0877,"-",0.8546,"-",NA,"",NA,9.74458380843786,455,"TM","bent",6,9,54,"640",10,"12,17,19,22,24,26,28,30,32,34","n","6","2 of the primary stalks were noted as tiny",14.49,8.06,"6","5",271,"CC","SB recounted 279 in 8/2024"
"B12-1-CF","BELM","12","1","Current/Future","yes","6.773","56.7934","50.0204","7","179.14","122.35","2.45","120.76","22.86","29.63",143.56,"","7","6/30/2021","","9/12/2021","9/22/2021","","9/22/2021",0.019,0.0262,0.0032,"open 9/23; no scale in photo",1.219,6.668,"","converted",380.9375,0.122137404580153,0.68695652173913,6,"",15,"n",21,25,"box around it; 2 on lateral shoots",NA,"",NA,NA,"flowered 9/22","11/3/2021",22,"0.3768",0.06706,"0.6139",0.23926,"-",NA,"",NA,3.5678496868476,96,"TM","bent",6,10,25.5,"122",10,"7,9,12,15,17,19,21,22,23,? In 10-15 range","y","0","7 primary stalks noted as tiny; has black seeds",19.11,12.35,"10","5",418,"CC",""
"B12-1-F","BELM","12","1","Future","yes","6.687","56.4096","49.7226","6","174.64","118.23","2.38","120.04","22.72","29.41",142.7,"","6","","mixed results","-","-","7/22/2021","-",NA,NA,NA,"dead after vern",NA,NA,"","",NA,NA,NA,0,"",0,"y",NA,NA,"",NA,"",NA,NA,"",NA,NA,NA,NA,NA,NA,NA,NA,NA,NA,NA,NA,NA,NA,NA,NA,NA,NA,NA,NA,NA,NA,NA,NA,NA,NA,NA,NA,NA,NA
"B12-2-C","BELM","12","2","Current","yes","6.802","57.1293","50.3273","mix","182.34","125.21","2.49","121.50","23.00","29.80",144.44,"","mix","7/7/2021","mixed results; maybe just super late germination?","9/20/2021","10/4/2021","","10/4/2021",0.0468,0.0496,0.0038,"",2.989,11.942,"","",786.578947368421,0.0766129032258065,0.938864628820961,2,"",8,"n",17,6,"flower 10/4",NA,"",NA,NA,"","11/18/2021",14,"-",0.08191,"-",0.9133,"-",NA,"",NA,11.1500427298254,345,"TX","leaning",6,8,52.5,"698",10,"10,12,15,17,19,21,23,25,27,29","n","4","2 of the primary stalks were noted as tiny",20.63,13.48,"6","3",496,"CH",""
"B12-2-CF","BELM","12","2","Current/Future","yes","6.877","57.3121","50.4351","2","187.26","129.95","2.58","121.76","23.05","29.92",144.75,"","2","7/7/2021","mixed results","-","","","",NA,NA,NA,"",NA,NA,"","",NA,NA,NA,2,"",0,"y",NA,NA,"",NA,"",NA,NA,"",NA,NA,NA,NA,NA,NA,NA,NA,NA,NA,NA,NA,NA,NA,NA,NA,NA,NA,NA,NA,NA,NA,NA,NA,NA,NA,NA,NA,NA,NA
"B12-2-F","BELM","12","2","Future","yes","6.929","56.6759","49.7469","5","172.78","116.10","2.33","120.10","22.73","29.66",142.77,"","5","6/29/2021","","9/13/2021","9/28/2021","","9/28/2021",0.0221,0.0273,0.0034,"",1.255,6.84,"","",369.117647058824,0.124542124542125,0.782426778242678,8,"",17,"n",28,34,"",NA,"",NA,NA,"flowered 9/28","11/4/2021",26,"0.5484",0.08423,"0.9941",0.29186,"-",NA,"",NA,3.46503621037635,161,"SB","broken",8,10,23.5,"173",9,"7,8,9,12,16,18,19,21,23,25","n","16","break is near the top; 9 primary stalks noted as tiny",20.14,13.88,"1","11",494,"SB","SB recounted seeds 8/15 and got 494; old was 508. SB recounted fruits 8/15/2024 and got 161. Trevor's (TM) old count was 185 but switching to mine b/c lots of small that did not make fruit that I did not count that he likely did"
"B13-1-C","BELM","13","1","Current","yes","6.836","56.5054","49.6694","5","180.32","123.81","2.49","119.91","22.70","29.53",142.55,"","5","7/12/2021","looks empty on 7/7 and 7/8; not empty on 7/12… maybe it lost the toothpick? I don't think I took it out. Not empty on 7/13. check photos for exact date if this isn't it. Best photo date is between 7/8 and 7/12 so going with 7/12 because that is whent I noted it and took a photo.","9/23/2021","10/5/2021","","10/5/2021",0.0755,0.0844,0.0055,"",4.626,15.178,"","",841.090909090909,0.0651658767772512,0.887198986058302,4,"",8,"n",16,6,"",NA,"",NA,NA,"flowered 10/5","11/18/2021",16,"-",0.11991,"-",0.9473,"-",NA,"",NA,7.90009173546827,220,"TM","bent",6,13,59,"696",10,"13,15,18,21,23,25,27,29,31,33","n","14","2 of the primary stalks were noted as tiny",16.4,10.64,"1","8",474,"EA",""
"B13-1-CF","BELM","13","1","Current/Future","yes","6.544","56.9908","50.4468","7","150.48","93.49","1.85","121.79","23.05","29.60",144.78,"","7","8/3/2021","into vernalization before emerged","-","","","",NA,NA,NA,"",NA,NA,"","",NA,NA,NA,0,"",0,"y",NA,NA,"",NA,"",NA,NA,"",NA,NA,NA,NA,NA,NA,NA,NA,NA,NA,NA,NA,NA,NA,NA,NA,NA,NA,NA,NA,NA,NA,NA,NA,NA,NA,NA,NA,NA,NA
"B13-1-F","BELM","13","1","Future","yes","6.997","57.3161","50.3191","8","171.99","114.67","2.28","121.48","22.99","29.99",144.42,"","8","6/29/2021","","-","-","","-",NA,NA,NA,"dead after vern",NA,NA,"","",NA,NA,NA,2,"looks dead",0,"y",NA,NA,"",NA,"",NA,NA,"",NA,NA,NA,NA,NA,NA,NA,NA,NA,NA,NA,NA,NA,NA,NA,NA,NA,NA,NA,NA,NA,NA,NA,NA,NA,NA,NA,NA,NA,NA
"B13-2-C","BELM","13","2","Current","yes","6.53","56.6996","50.1696","7","170.26","113.56","2.26","121.12","22.93","29.46",143.99,"","7","6/29/2021","","9/22/2021","10/5/2021","","10/5/2021",0.118,0.1314,0.0088,"",5.611,17.477,"","from a cutoff leaf; not cutoff leaf is a converted image and is smaller than this",637.613636363636,0.0669710806697108,0.890701468189233,6,"",12,"n",23,9,"bolted 10/5",NA,"bolted 10/5",NA,NA,"","11/18/2021",21,"-",0.17217,"-",1.7123,"-",NA,"",NA,9.94540279955858,824,"TM","bent",10,10,66,"932",10,"12,14,16,18,20,22,24,26,28,30","n","6","1 of the 10 was noted as tiny and 1 additional primary stalk was not counted because noted as no flowers",15.66,9.71,"8","5",418,"CC",""
"B13-2-CF","BELM","13","2","Current/Future","yes","6.833","56.806","49.973","3","175.5","118.69","2.38","120.64","22.84","29.67",143.42,"","3","7/1/2021","","9/15/2021","9/24/2021","","9/24/2021",0.0211,0.0265,0.0023,"collectect twice",1.212,6.391,"","",526.95652173913,0.0867924528301887,0.776859504132231,4,"",10,"n",18,22,"box around it",NA,"",NA,NA,"flowered 9/24","11/2/2021",19,"0.2758",0.03527,"1.394",0.27618,"-",NA,"",NA,7.83045080805217,259,"TM","bent",8,2,42,"260",9,"11,13,15,17,19,29,45,2 on sides","n","-","1 primary stalk was noted as tiny; siliques modly",14.71,9.99,"12","9",410,"SB","overestimate with all the dark/flat seeds: 427"
"B13-2-F","BELM","13","2","Future","yes","7.466","57.3145","49.8485","5","176.03","118.72","2.38","120.34","22.78","30.24",143.06,"","5","6/28/2021","","-","-","","-",NA,NA,NA,"dead after vern",NA,NA,"","",NA,NA,NA,4,"dying",0,"y",NA,NA,"",NA,"",NA,NA,"",NA,NA,NA,NA,NA,NA,NA,NA,NA,NA,NA,NA,NA,NA,NA,NA,NA,NA,NA,NA,NA,NA,NA,NA,NA,NA,NA,NA,NA,NA
"B15-1-C","BELM","15","1","Current","yes","6.629","56.8652","50.2362","6","180.66","123.79","2.46","121.28","22.96","29.58",144.18,"","6","6/29/2021","","9/18/2021","10/1/2021","","10/1/2021",0.1776,0.1971,0.0123,"",8.495,18.239,"","from a cutoff leaf; not cutoff leaf is a converted image and is smaller than this",690.650406504065,0.0624048706240487,0.89448051948052,6,"",15,"n",25,19,"14 on lateral shoots",NA,"",NA,NA,"flowered 10/1","11/18/2021",24,"-",0.22981,"-",1.9204,"-",NA,"",NA,8.35646838692833,948,"TX","bent",9,13,66,"1201",10,"24,27,29,31,33,35,37,39,41,43","n","1","1 primary stalk was noted as tiny",18.88,11.87,"12","6",531,"CC",""
"B15-1-CF","BELM","15","1","Current/Future","yes","6.769","56.7421","49.9731","5","175.39","118.65","2.37","120.64","22.84","29.60",143.42,"","5","6/29/2021","","9/13/2021","9/22/2021","","9/22/2021",0.0275,0.0419,0.0049,"",1.602,7.026,"","",326.938775510204,0.116945107398568,0.610810810810811,6,"",15,"n",23,21,"10 on lateral shoots",NA,"",NA,NA,"flowered 9/22","11/5/2021",22,"0.2682",0.07411,"1.1654",0.33861,"-",NA,"",NA,4.5690190257725,224,"TM","bent",8,7,25,"238",8,"mostly all from sides. Not counted","y","0","4 primary stalks noted as tiny; 1 not counted was noted as no flower; siliques moldy",12.27,8.33,"10","10",269,"SB",""
"B15-1-F","BELM","15","1","Future","yes","6.551","57.0061","50.4551","3","171.14","114.13","2.26","121.81","23.06","29.61",144.81,"","3","6/28/2021","","9/20/2021","9/30/2021","","9/30/2021",0.0319,0.0392,0.0049,"not open 10/2; later open",1.644,6.716,"","",335.510204081633,0.125,0.787172011661808,10,"",21,"n",34,0,"",NA,"",NA,NA,"flowered 9/30","11/4/2021",30,"0.6328",0.10569,"1.1908",0.28721,"-",NA,"",NA,2.71747563629482,212,"TM","bent",11,11,25.5,"238",9,"10,12,14,17,19,23,26,2 on side","n","-","8 primary stalks ntoed as tiny",13.16,7.96,"6","6",318,"EA",""
"B15-2-C","BELM","15","2","Current","yes","6.696","56.8767","50.1807","8","175.68","118.80","2.37","121.14","22.93","29.63",144.02,"","8","6/30/2021","","9/19/2021","10/4/2021","","10/4/2021",0.1772,0.1901,0.0128,"",7.174,23.755,"","",560.46875,0.0673329826407154,0.927241962774958,6,"",14,"n",21,13,"19 on lateral shoots",NA,"",NA,NA,"flowererd 10/4","11/17/2021",21,"-",0.21264,"-",2.0927,"-",NA,"",NA,9.84151617757712,1069,"TM","bent",11,18,63.5,"1195",10,"14,16,18,20,22,24,26,28,30,32","n","3","3 primarystalks were noted as tiny",16.36,11.01,"1","5",475,"CC",""
"B15-2-CF","BELM","15","2","Current/Future","yes","6.792","56.4345","49.6425","4","182.39","125.96","2.54","119.84","22.68","29.48",142.47,"","4","6/28/2021","","9/13/2021","9/23/2021","","9/23/2021",0.0286,0.0427,0.005,"",1.545,7.278,"","",309,0.117096018735363,0.625994694960212,6,"",16,"n",25,20,"15 on lateral shoots",NA,"",NA,NA,"flowered 9/23","11/3/2021",25,"0.3846",0.07726,"1.0924",0.33051,"-",NA,"",NA,4.2778928294072,231,"TM","bent",10,4,17,"257",9,"13,14,15,19,21,20,2 on sides","y","0","",14.8,10.07,"10","9",348,"SB",""
"B15-2-F","BELM","15","2","Future","yes","6.642","56.3126","49.6706","2","174.51","118.20","2.38","119.91","22.70","29.34",142.55,"","2","6/28/2021","","9/17/2021","9/27/2021","","9/27/2021",0.0469,0.0557,0.0056,"no scale in photo; open",2.747,11.012,"","",490.535714285714,0.100538599640934,0.82435129740519,10,"",21,"n",34,28,"",NA,"",NA,NA,"flowered 9/27","11/3/2021",33,"1.2005",0.16374,"1.2909",0.3576,"-",NA,"",NA,2.18395016489557,321,"TM","straight",11,8,NA,"",9,"10,14,17,22,24,4 from sides","n","2","fruit count of 274 was last recorded but that was not full count b/c error. Maybe 356 fruits? Value for toal fruits will need to be removed because not certain. 7 primary stalks noted as tiny",18.32,11.5,"2","11",413,"SB",""
"B2-1-C","BELM","2","1","Current","yes","6.755","57.2028","50.4478","7","177.68","120.48","2.39","121.79","23.05","29.81",144.78,"","7","7/6/2021","","9/23/2021","10/14/2021","","10/14/2021",0.0663,0.0777,0.0055,"",4.191,14.443,"","",762,0.0707850707850708,0.842105263157895,2,"",6,"n",16,5,"",NA,"",16,18,"4 on 2 lateral shoots","11/17/2021",13,"-",0.0946,"-",1.0427,"-",NA,"",NA,11.0221987315011,494,"TM","leaning",6,10,50,"552",10,"5,7,9,11,13,15,17,19,21,24","y","0","",19.75,12.8,"2","8",597,"EA",""
"B2-1-CF","BELM","2","1","Current/Future","yes","6.589","56.5809","49.9919","7","176.44","119.86","2.40","120.69","22.84","29.43",143.48,"","7","7/8/2021","just rather late. Cotelydons not yet open.","-","","","",NA,NA,NA,"dried after vern",NA,NA,"","",NA,NA,NA,2,"",0,"y",NA,NA,"",NA,"",NA,NA,"",NA,NA,NA,NA,NA,NA,NA,NA,NA,NA,NA,NA,NA,NA,NA,NA,NA,NA,NA,NA,NA,NA,NA,NA,NA,NA,NA,NA,NA,NA
"B2-1-F","BELM","2","1","Future","yes","6.495","56.5036","50.0086","4","178.15","121.65","2.43","120.73","22.85","29.35",143.52,"","4","7/4/2021","","9/28/2021","10/9/2021","","10/9/2021",0.0288,0.0334,0.0028,"",1.935,8.108,"","",691.071428571429,0.0838323353293413,0.849673202614379,4,"",6,"n",16,8,"",NA,"",16,12,"","11/12/2021",15,"0.2138",0.04141,"1.2845",0.31232,"-",NA,"6 of the leaves were already very dried",NA,7.54213957981164,195,"TM","bent",8,5,36,"223",9,"16,24,26,28,30,34 from sides","y","0","4 primary stalks counted as inty, one not counted noted as no flower",12.68,7.88,"1","3",401,"CH",""
"B2-2-C","BELM","2","2","Current","yes","6.837","56.6555","49.8185","4","175.53","118.87","2.39","120.27","22.76","29.60",142.98,"need to be careful pots that are R/B different but overlapping numbers because the labels look rather similar.","4","8/12/2021","suuuuper slow. Not sure it will survive.","-","","","",NA,NA,NA,"dead after vern",NA,NA,"","",NA,NA,NA,0,"",0,"y",NA,NA,"",NA,"",NA,NA,"",NA,NA,NA,NA,NA,NA,NA,NA,NA,NA,NA,NA,NA,NA,NA,NA,NA,NA,NA,NA,NA,NA,NA,NA,NA,NA,NA,NA,NA,NA
"B2-2-CF","BELM","2","2","Current/Future","yes","6.678","57.0628","50.3848","4","180.65","123.59","2.45","121.64","23.02","29.70",144.6,"","4","8/3/2021","quite a late bloomer. Into vernalization.","-","","","",NA,NA,NA,"dried up in spring",NA,NA,"","",NA,NA,NA,0,"",2,"n",NA,NA,"dead after vern",NA,"",NA,NA,"",NA,NA,NA,NA,NA,NA,NA,NA,NA,NA,NA,NA,NA,NA,NA,NA,NA,NA,NA,NA,NA,NA,NA,NA,NA,NA,NA,NA,NA,NA
"B2-2-F","BELM","2","2","Future","yes","6.643","56.8945","50.2515","7","173.89","117.00","2.33","121.31","22.96","29.61",144.22,"","7","7/1/2021","","9/27/2021","10/10/2021","-","10/10/2021",0.0213,0.0273,0.0036,"in fridge for 48 hours",1.269,6.078,"","",352.5,0.131868131868132,0.746835443037975,4,"",9,"n",20,7,"",NA,"",20,10,"","11/7/2021",20,"0.2557",0.04862,"1.1015",0.23047,"-",NA,"",NA,4.74023035787742,165,"TM","bent",8,6,32.5,"174",10,"7,13,15,18,21,25,27,29,2 on sides","y","0","5 primary stalks noted as tiny; 1 additional branch with no flowers",12.78,7.74,"5","6",423,"EA",""
"B3-1-C","BELM","3","1","Current","ues","6.886","56.6058","49.7198","3","177.62","121.01","2.43","120.03","22.72","29.61",142.7,"","3","6/30/2021","","9/20/2021","10/6/2021","","10/6/2021",0.1622,0.1791,0.0121,"",8.12,20,"","",671.074380165289,0.0675600223338917,0.898802395209581,6,"",14,"n",21,13,"8 on lateral branches",NA,"",NA,NA,"flowered 10/6","11/17/2021",22,"-",0.28557,"-",2.0467,"-",NA,"",NA,7.16706937003187,1009,"SB","bent",7,13,57.5,"1135",11,"10,12,14,17,19,22,24,26,29,31,33","n","48","2 of the primary stalks were noted as tiny, there were 2 additional primary stalks with no flowers that are not counted in the 13",21.01,14.17,"5","5",561,"CC","SB recounted 1009 fruits on 8/15/2024. that is a big difference from the initial 829 (TX). Changed to my value"
"B3-1-CF","BELM","3","1","Current/Future","yes","6.186","56.3731","50.1871","3","183.34","126.97","2.53","121.16","22.93","29.12",144.04,"","3","6/29/2021","","9/13/2021","9/27/2021","","9/27/2021",0.0438,0.0548,0.0071,"no scale in photo",2.164,8.027,"","",304.788732394366,0.12956204379562,0.769392033542977,6,"",17,"n",22,33,"20 on lateral",NA,"",NA,NA,"flowered 9/27","11/2/2021",24,"0.6705",0.10614,"1.2424",0.33205,"-",NA,"",NA,3.12841530054645,168,"TM","leaning",6,4,20.3,"196",10,"10,11,12,14,15,16,18,21,24,26","y","0","",15.26,9.95,"7","10",418,"SB",""
"B3-1-F","BELM","3","1","Future","yes","6.686","56.6778","49.9918","4","180.83","124.15","2.48","120.69","22.84","29.53",143.48,"","4","6/27/2021","","9/21/2021","10/4/2021","","10/4/2021",0.026,0.0327,0.0039,"leaf a bit wrinkled back in the lab",1.486,7.352,"","",381.025641025641,0.119266055045872,0.767361111111111,9,"",21,"n",30,21,"",NA,"",NA,NA,"flowered 10/4","11/6/2021",30,"0.4133",0.11301,"0.9169",0.26541,"-",NA,"",NA,2.34855322537828,172,"TM","leaning",10,7,27,"185",10,"10,15,17,19,21,23,25,27,29,31","y","0","6 primary stalks noted as tiny",14.58,8.63,"5","10",375,"SB","SB recounted 374 seeds in 8/2024"
"B3-2-C","BELM","3","2","Current","yes","6.506","56.7993","50.2933","2","183.14","126.34","2.51","121.42","22.98","29.49",144.34,"","2","6/29/2021","","9/19/2021","10/8/2021","","10/8/2021",0.1547,0.1748,0.0128,"",7.155,18.589,"","",558.984375,0.0732265446224256,0.875925925925926,6,"",16,"n",25,7,"10 on lateral shoots",NA,"",25,21,"20 leaves on lateral shoots","11/16/2021",22,"-",0.36903,"-",2.0327,"-",NA,"",NA,5.50822426361,1033,"TM","bent",7,13,66.5,"1136",10,"13,15,17,19,21,23,25,29,31,33","n","26","",19.49,12.73,"8","6",599,"CC",""
"B3-2-CF","BELM","3","2","Current/Future","yes","6.636","56.583","49.947","5","183.08","126.50","2.53","120.58","22.82","29.46",143.35,"","5","6/28/2021","","9/13/2021","9/26/2021","","9/26/2021",0.0423,0.055,0.0056,"collected twice; no scale in photo",2.189,8.074,"","",390.892857142857,0.101818181818182,0.742914979757085,7,"",18,"n",24,29,"box around it; 5 on lateral shoots",NA,"",NA,NA,"flowered 9/26","11/2/2021",23,"0.554",0.09834,"0.9186",0.27883,"-",NA,"",NA,2.83536709375636,140,"TM","leaning",8,2,26,"163",10,"11,12,13,14,15,17,19,21,24,26","y","0","1 primary stalk was noted as tiny",16.39,10.4,"8","10",402,"SB","old count (no initials) was 415"
"B3-2-F","BELM","3","2","Future","yes","7.486","57.6126","50.1266","2","183.38","125.77","2.51","121.01","22.91","30.39",143.86,"","2","6/28/2021","","9/20/2021","9/30/2021","","9/30/2021",0.0411,0.0514,0.0052,"called bolting again on 9/20/21 (originally was 9/17/2021. spreadsheet now says 9/20)",2.303,9.26,"","",442.884615384615,0.101167315175097,0.777056277056277,8,"",20,"n",30,20,"",NA,"",NA,NA,"flowered 9/30","11/4/2021",33,"0.9439",0.14996,"0.8884",0.24363,"-",NA,"",NA,1.62463323552947,185,"TM","straight",10,10,12.5,"199",9,"7,10,13,15,17,19,22,27,35","n","7","6 primary stalks noted as tiny",18.44,11.18,"2","3",521,"CH","SB recounted 510 in 8/2024"
"B4-1-C","BELM","4","1","Current","yes","6.54","56.0913","49.5513","4","181.26","125.17","2.53","119.62","22.64","29.18",142.21,"","4","","genotype. Could be environment or bad seeds","-","","","",NA,NA,NA,"dead after vern",NA,NA,"","",NA,NA,NA,0,"",0,"y",NA,NA,"",NA,"",NA,NA,"",NA,NA,NA,NA,NA,NA,NA,NA,NA,NA,NA,NA,NA,NA,NA,NA,NA,NA,NA,NA,NA,NA,NA,NA,NA,NA,NA,NA,NA,NA
"B4-1-CF","BELM","4","1","Current/Future","yes","6.795","57.1139","50.3189","8","181.98","124.87","2.48","121.48","22.99","29.79",144.41,"","8","7/11/2021","new emergent on 8/3/2021! This one is in the study until it dies.","-","","","",NA,NA,NA,"dead after vern",NA,NA,"","",NA,NA,NA,0,"",0,"y",NA,NA,"",NA,"",NA,NA,"",NA,NA,NA,NA,NA,NA,NA,NA,NA,NA,NA,NA,NA,NA,NA,NA,NA,NA,NA,NA,NA,NA,NA,NA,NA,NA,NA,NA,NA,NA
"B4-1-F","BELM","4","1","Future","yes","6.689","56.9614","50.2724","2","177.89","120.93","2.41","121.36","22.97","29.66",144.28,"","2","7/5/2021","no cotelydons yet on 7/13","-","-","7/22/2021","-",NA,NA,NA,"dead after vern",NA,NA,"","",NA,NA,NA,0,"",0,"y",NA,NA,"",NA,"",NA,NA,"",NA,NA,NA,NA,NA,NA,NA,NA,NA,NA,NA,NA,NA,NA,NA,NA,NA,NA,NA,NA,NA,NA,NA,NA,NA,NA,NA,NA,NA,NA
"B4-2-C","BELM","4","2","Current","yes","6.439","56.7674","50.3284","4","174.66","117.89","2.34","121.50","23.00","29.44",144.44,"","4","8/6/2021","emerged this day according to pictures. Could have been a few days before. Cotelydons open in the image.","9/29/2021","10/19/2021","","10/19/2021",0.0199,0.0244,0.0012,"",1.366,7.289,"","",1138.33333333333,0.0491803278688525,0.806034482758621,0,"empty; no toothpick in image",2,"n",13,5,"",NA,"",11,10,"6 on lateral shoots","11/17/2021",9,"-",0.02211,"-",0.2456,"-",NA,"9 more leaves by primary shoots",NA,11.1080958842153,166,"TM","leaning",3,11,36.5,"189",10,"6,8,10,12,14,16,18,20, + 2 on sides","n","4","6 of the primary stalks were noted as tiny",14.71,8.8,"1","7",501,"CC",""
"B4-2-CF","BELM","4","2","Current/Future","yes","6.831","56.3715","49.5405","5","172.82","116.45","2.35","119.60","22.64","29.47",142.18,"","5","7/22/2021","!!!!! Woah","9/21/2021","10/3/2021","","10/3/2021",0.0061,0.0081,0.00086,"dried on 10^-5 scale",0.544,3.991,"","",632.558139534884,0.106172839506173,0.723756906077348,2,"new emergent!!! What?",4,"n",14,13,"",NA,"",NA,NA,"flowered 10/3","11/6/2021",13,"0.0625",0.01236,"0.5316",0.11175,"-",NA,"",NA,9.04126213592233,141,"TM","leaning",5,1,29.7,"149",10,"11,19,22,24,26+5 on sides","y","0","",8.27,4.25,"4","8",328,"EA",""
"B4-2-F","BELM","4","2","Future","yes","6.797","56.5809","49.7839","8","169.31","112.73","2.26","120.19","22.75","29.55",142.88,"","8","","genotype. Could be environment or bad seeds; not noted as empty in my check on 7/7 but is on 7/13","-","-","-","-",NA,NA,NA,"dead after vern",NA,NA,"","",NA,NA,NA,0,"",0,"y",NA,NA,"",NA,"",NA,NA,"",NA,NA,NA,NA,NA,NA,NA,NA,NA,NA,NA,NA,NA,NA,NA,NA,NA,NA,NA,NA,NA,NA,NA,NA,NA,NA,NA,NA,NA,NA
"B8-1-C","BELM","8","1","Current","yes","6.523","56.3853","49.8623","8","178.87","122.48","2.46","120.37","22.78","29.31",143.1,"","8","6/29/2021","","9/17/2021","10/5/2021","","10/5/2021",0.2671,0.287,0.0189,"removed 1 leaf 9/30",12.156,21.105,"","",643.174603174603,0.0658536585365854,0.925773964938456,6,"",16,"n",22,19,"41 on lateral shoots",NA,"",NA,NA,"flowered on 10/5","11/13/2021",35,"2.6862",0.42973,"8.49",2.6249,"-",NA,"conservative leaf number count is 23",NA,6.10825401996602,1023,"TM","bent",7,17,63,"1093",10,"10,12,14,16,19,21,23,25,27,29","n","116","side branch is broken",21.41,12.4,"10","6",544,"CC",""
"B8-1-CF","BELM","8","1","Current/Future","yes","6.511","56.1295","49.6185","4","167.04","110.91","2.24","119.79","22.67","29.18",142.4,"","4","6/28/2021","","9/16/2021","9/30/2021","","9/30/2021",0.0409,0.095,0.0051,"marked bolting again on 9/16/21 (originally was 9/13. spreadsheet ways 9/16 now)",2.366,8.49,"","",463.921568627451,0.0536842105263158,0.398220244716351,5,"",13,"n",21,31,"31 on lateral shoots",NA,"",NA,NA,"flowered 9/30","11/13/2021",23,"0.6625",0.1046,"1.5166",0.3913,"-",NA,"",NA,3.74091778202677,208,"TM","straight",6,12,15.5,"200",9,"10,11,12,13,16,19,22,2 from sides","y","0","6 primary stalks noted as tiny; siliques moldy",16.09,10.55,"9","9",425,"SB",""
"B8-1-F","BELM","8","1","Future","yes","6.961","57.0628","50.1018","8","171.24","114.18","2.28","120.95","22.89","29.86",143.79,"","8","6/27/2021","","9/25/2021","10/6/2021","","10/6/2021",0.0795,0.0914,0.0093,"",3.662,11.657,"","",393.763440860215,0.101750547045952,0.855054811205847,9,"",22,"n",34,10,"",NA,"",34,0,"","11/6/2021",32,"0.8507",0.20809,"1.6154",0.53131,"-",NA,"",NA,2.55327021961651,300,"TM","straight",11,13,17.5,"335",10,"7,9,15,17,19,21,23,25,27,29","y","0","branches bent; 4 primary stalks noted as tiny; siliques moldy",15.46,10.17,"2","9",419,"SB",""
"B8-2-C","BELM","8","2","Current","yes","6.398","55.9712","49.5732","6","180.23","124.26","2.51","119.68","22.65","29.05",142.27,"","6","6/28/2021","","9/26/2021","10/10/2021","","10/10/2021",0.2812,0.3114,0.0199,"removed 2 leaves 9/30; in fridge for 48 hours",12.115,25.126,"","",608.793969849246,0.0639049454078356,0.896397941680961,6,"",16,"n",25,6,"19 on lateral shoots",NA,"",25,44,"8 lateral shoots with `7 leaves each","11/16/2021",34,"-",0.55686,"-",2.0611,"-",NA,"conservative leaf number count is 28",NA,3.70128937255325,665,"TM","bent",8,16,61.5,"885",10,"8,11,15,17,21,23,25,28,30,32","n","110","",25.87,15.72,"11","4",543,"SB",""
"B8-2-CF","BELM","8","2","Current/Future","yes","6.815","57.0114","50.1964","2","183.13","126.12","2.51","121.18","22.94","29.75",144.06,"","2","6/29/2021","","9/14/2021","9/30/2021","","9/30/2021",0.0462,0.0571,0.0059,"photo labelled as B8-2-C initially (fixed?",2.436,8.967,"","",412.881355932203,0.103327495621716,0.787109375,6,"",14,"n",23,37,"18 on lateral shoots",NA,"",NA,NA,"flowered 9/30","11/2/2021",23,"0.5789",0.10183,"1.063",0.28475,"-",NA,"",NA,2.79632721202003,144,"TM","straight",9,5,17,"177",9,"5,7,10,11,12,,14,16,18,20","n","1","some branches are bent; 1 primary stalk noted as tiny",14.61,9.55,"4","10",418,"SB","old count (no initials) was 362"
"B8-2-F","BELM","8","2","Future","yes","7.409","57.667","50.258","4","182.57","124.90","2.49","121.33","22.97","30.37",144.24,"","4","6/27/2021","","10/6/2021","10/13/2021","","10/13/2021",0.0323,0.0365,0.0034,"",1.816,7.498,"","",534.117647058824,0.0931506849315069,0.873111782477342,9,"",20,"n",32,0,"",NA,"",31,11,"miscount? Or one up stalk","11/9/2021",30,"0.2739",0.10445,"0.5313",0.17835,"-",NA,"",NA,1.7075155576831,104,"TM","leaning",7,9,22.5,"127",10,"3,5,7,9,11,13,15,17,19,21","n","4","a small lean; 8 primary stalks noted as tiny; siliques moldy (really just one)",17.96,11.86,"7","9",521,"SB",""
"R11-1-C","RODA","11","1","Current","yes","7.064","57.1468","50.0828","7","175.88","118.73","2.37","120.91","22.89","29.95",143.74,"","7","6/29/2021","","10/17/2021","10/29/2021","","10/29/2021",0.1516,0.169,0.0141,"",NA,NA,"","MISSING",NA,0.0834319526627219,0.887669464170433,6,"",14,"n",32,0,"",38,"",NA,NA,"","12/16/2021",35,"-",0.33439,"-",2.7061,"-",NA,"",NA,8.09264631119352,1192,"EA","bent",11,14,73,"1322",10,"3,5,8,11,13,18,20,22,24,26","n","111","could keep going, 2 open",28.18,19.15,"7","6",658,"EA",""
"R11-1-CF","RODA","11","1","Current/Future","yes","6.805","57.0068","50.2018","7","177.21","120.20","2.39","121.19","22.94","29.74",144.08,"","7","6/29/2021","","10/5/2021","10/22/2021","","10/22/2021",0.0501,0.0561,0.0061,"",2.491,9.591,"","",408.360655737705,0.10873440285205,0.88,6,"",12,"n",30,0,"",NA,"check leaf envelope",33,10,"flowered 10/22","11/13/2021",32,"0.2922",0.09865,"0.8506",0.2224,"-",NA,"",NA,2.25443487075519,102,"TM","straight",9,1,25,"138",10,"6,8,10,12,4,14,16,18,20,22","y","0","one additional primary stalk noted as no flwr; 1 additional branch with no flowers",18.71,11.8,"4","4",484,"","KB assumed"
"R11-1-F","RODA","11","1","Future","yes","6.463","56.9176","50.4546","7","177.76","120.84","2.40","121.80","23.06","29.52",144.8,"","7","6/28/2021","","10/19/2021","10/26/2021","","10/26/2021",0.0703,0.0815,0.0086,"",3.307,10.522,"","",384.53488372093,0.105521472392638,0.84636488340192,7,"",14,"n",36,0,"",45,"",NA,NA,"","11/18/2021",43,"-",0.23935,"-",0.26755,"-",NA,"",NA,1.1178190933779,79,"TM","straight",9,1,26,"115",10,"7,9,10,12,14,16,18,20,22,24","y","0","; 1 additional branch with no flowers",16.51,10.3,"1","9",469,"SB",""
"R11-2-C","RODA","11","2","Current","yes","6.345","56.1374","49.7924","6","191.15","135.01","2.71","120.21","22.75","29.10",142.9,"","6","6/28/2021","","10/17/2021","10/28/2021","","10/28/2021",0.1213,0.1306,0.0117,"",4.763,14.203,"","",407.094017094017,0.0895865237366003,0.921783010933558,6,"",12,"n",29,0,"",38,"",NA,NA,"","12/16/2021",31,"-",0.32511,"-",1.8575,"-",NA,"",NA,5.71345083202608,748,"CC","bent",11,10,65,"835",10,"3,5,7,9,11,14,16,18,20,22","n","66","could keep going, 1 open; 1 primary stalk counted as tiny",27.58,17.99,"5","3",669,"CH",""
"R11-2-CF","RODA","11","2","Current/Future","yes","6.51","56.0741","49.5641","3","180.4","124.33","2.51","119.66","22.65","29.16",142.25,"","3","6/28/2021","","10/9/2021","10/13/2021","","10/13/2021",0.052,0.057,0.0056,"",2.544,9.88,"","",454.285714285714,0.0982456140350877,0.90272373540856,4,"",12,"n",31,0,"",34,"",NA,NA,"","11/13/2021",30,"0.5607",0.13357,"0.9545",0.2527,"-",NA,"",NA,1.89189189189189,101,"TM","leaning",9,1,29.5,"130",10,"7,9,11,13,15,18,20,22,24,26","y","0","",20.01,12.85,"3","8",515,"EA",""
"R11-2-F","RODA","11","2","Future","yes","6.471","56.3859","49.9149","5","175.13","118.74","2.38","120.50","22.81","29.28",143.26,"","5","6/27/2021","","10/17/2021","10/26/2021","","10/26/2021",0.093,0.1043,0.0104,"",4.359,12.506,"","",419.134615384615,0.099712368168744,0.879659211927582,8,"",18,"n",42,0,"",48,"",NA,NA,"","11/18/2021",45,"-",0.23688,"-",0.34426,"-",NA,"",NA,1.45330969267139,109,"TX","straight",10,5,28.5,"172",10,"3,5,7,9,11,13,15,17,19,21","y","0","4 primary stalks noted as tiny",22.28,15.09,"2","4",532,"","KB assumed"
"R15-1-C","RODA","15","1","Current","yes","6.6","57.0005","50.4005","6","182.57","125.57","2.49","121.67","23.03","29.63",144.65,"","6","6/28/2021","","10/18/2021","10/29/2021","","10/29/2021",0.2035,0.2256,0.018,"",7.04,17.086,"","",391.111111111111,0.0797872340425532,0.89354527938343,6,"",15,"n",32,0,"",39,"",NA,NA,"","12/9/2021",33,"-",0.54998,"-",2.4718,"-",NA,"",NA,4.49434524891814,401,"CC","bent",11,12,49,"827",10,"3,4,8,10,13,15,17,19,21,22","n","108","has buds; 2 additional primary stalks noted as no flower",25.25,17.65,"9","2",632,"",""
"R15-1-CF","RODA","15","1","Current/Future","yes","6.509","56.0896","49.5806","8","172.11","116.02","2.34","119.69","22.66","29.17",142.3,"","8","6/29/2021","","10/8/2021","10/26/2021","","10/26/2021",0.0363,0.0497,0.0113,"handwriting for dried is difficult to decipher",1.82,6.92,"","",161.061946902655,0.227364185110664,0.651041666666667,6,"",14,"n",35,0,"",36,"",NA,NA,"","12/16/2021",29,"-",0.18599,"-",0.23028,"-",NA,"",NA,1.23813108231625,103,"CC","straight",7,9,2,"124",10,"all small from multiple branches","y","0","main stalk is not the tallest stalk because it didn't really grow. Main stalk is 2cm, longest stalk is 10.5 cm. Going to use an 2 because that is the main stalk but should be removed as an outlier; 4 primary stalks noted as tiny",5.74,1.01,"8","1",277,"",""
"R15-1-F","RODA","15","1","Future","yes","6.445","56.8443","50.3993","2","178.89","122.05","2.42","121.67","23.03","29.48",144.65,"","2","6/27/2021","","10/18/2021","10/28/2021","7/26/2021","10/28/2021",0.0619,0.071,0.0076,"no 10/13",2.793,10.142,"","",367.5,0.107042253521127,0.856466876971609,8,"",20,"n",31,30,"",44,"counted 43 on 10/18",NA,NA,"","11/24/2021",45,"-",0.17648,"-",0.20337,"-",NA,"",NA,1.15236854034451,71,"TX","straight",11,11,17.5,"110",10,"1,3,5,7,9,11,13,15,17,1 from side","y","0","10 primary stalks noted as tiny + 1 not counted noted as no flower",15.49,9.62,"9","8",350,"EA",""
"R15-2-C","RODA","15","2","Current","yes","6.945","57.1679","50.2229","mix","197.61","140.44","2.80","121.25","22.95","29.89",144.14,"","mix","6/29/2021","","10/14/2021","10/30/2021","","10/30/2021",0.1059,0.1179,0.0095,"",4.538,13.912,"","",477.684210526316,0.0805767599660729,0.88929889298893,4,"",10,"n",24,0,"",28,"",NA,NA,"","12/2/2021",24,"-",0.21804,"-",1.3397,"-",NA,"",NA,6.1442854522106,580,"SB","bent",7,14,52.5,"611",10,"5,10,12,14,16,19,21,24,26,28","n","20","and leaning; 5 primary stalks counted as tiny",26.6,16.84,"3","1",586,"","SB recounted 580 fruit on 8/15/2024; old was TX count of 935 from ImageJ"
"R15-2-CF","RODA","15","2","Current/Future","yes","6.485","56.5857","50.1007","6","181.97","125.38","2.50","120.95","22.89","29.38",143.79,"","6","6/28/2021","","10/4/2021","10/15/2021","","10/15/2021",0.0658,0.0767,0.0088,"",3.216,10.53,"","",365.454545454545,0.114732724902216,0.839469808541973,6,"",14,"n",33,0,"",NA,"",30,10,"","11/24/2021",31,"-",0.13664,"-",0.40008,"-",NA,"",NA,2.92798594847775,124,"TX","straight",9,9,28.5,"146",10,"4,6,8,10,12,14,16,18,20,22","y","0","8 primary stalks noted as tiny; 1 additional branch with no flowers",18.36,10.8,"3","2",353,"SB",""
"R15-2-F","RODA","15","2","Future","yes","7.099","56.9272","49.8282","3","179.76","122.83","2.47","120.29","22.77","29.87",143.01,"","3","6/27/2021","","10/17/2021","10/28/2021","7/22/2021","10/28/2021",0.0514,0.0584,0.0052,"no 10/13",2.707,10.315,"","",520.576923076923,0.089041095890411,0.868421052631579,7,"",18,"n",32,0,"very compact",39,"",NA,NA,"","11/24/2021",40,"-",0.11532,"-",0.23183,"-",NA,"",NA,2.01031911203607,NA,"","straight",11,9,20,"120",10,"2,5,7,9,11,13,15,17,2 on sides","y","0","8 primary stalks noted as tiny; 1 additional branch with no flowers",14.52,8.84,"1","2",528,"","no picture taken to count fruit"
"R2-1-C","RODA","2","1","Current","yes","6.892","56.6456","49.7536","5","173.17","116.52","2.34","120.11","22.74","29.63",142.79,"","5","6/29/2021","","10/5/2021","10/22/2021","","10/22/2021",0.1643,0.1837,0.0143,"10/10/ see buds",5.751,17.698,"","",402.167832167832,0.0778443113772455,0.885478158205431,6,"",12,"n",27,0,"",NA,"there was a note of 30+10 @flower? And then the flower number noted later from 10/22. 30+10 was discarded because it doesn't match here. Maybe was R2-1-CF?",28,22,"","12/1/2021",26,"-",0.28388,"-",1.6335,"-",NA,"",NA,5.75419191207552,574,"TM","bent",8,9,62,"701",10,"5,7,9,11,13,15,17,18,21,23","n","91","and leaning",26.09,17.37,"10","2",751,"",""
"R2-1-CF","RODA","2","1","Current/Future","yes","6.319","55.9644","49.6454","5","151.81","95.85","1.93","119.85","22.69","29.00",142.48,"","5","6/29/2021","","10/6/2021","10/18/2021","","10/18/2021",0.0371,0.0454,0.0056,"",1.727,7.441,"","",308.392857142857,0.123348017621145,0.791457286432161,6,"",14,"n",32,0,"",NA,"envelope is blank",NA,NA,"flowered 10/18","12/16/2021",33,"-",0.15211,"-",0.4318,"-",NA,"",NA,2.83873512589573,251,"CC","leaning",7,5,21.5,"398",10,"2,4,6,7,9,11,13,15,17,19","y","0","3 primary stalks noted as tiny; 1 noted as no flwr was not counted",19.76,11.8,"6","1",341,"",""
"R2-1-F","RODA","2","1","Future","yes","6.714","57.0228","50.3088","8","168.33","111.31","2.21","121.45","22.99","29.70",144.39,"","8","6/27/2021","","10/15/2021","10/25/2021","","10/25/2021",0.0619,0.0726,0.0064,"",2.569,10.836,"","",401.40625,0.0881542699724518,0.838368580060423,8,"",20,"n",34,0,"",44,"",NA,NA,"","11/24/2021",40,"-",0.19398,"-",0.29896,"-",NA,"",NA,1.54118981338282,92,"TX","straight",11,9,29,"114",10,"2,4,6,8,10,12,14,16,18,20","y","0","8 primary stalks ntoed as tiny",22.04,14.39,"10","1",563,"",""
"R2-2-C","RODA","2","2","Current","yes","6.634","56.7557","50.1217","8","180.7","123.94","2.47","121.00","22.90","29.54",143.85,"","8","6/28/2021","","10/11/2021","10/25/2021","","10/25/2021",0.1821,0.2027,0.016,"",6.378,18.053,"","",398.625,0.0789343857918106,0.889662560257097,4,"",13,"n",28,0,"",33,"",NA,NA,"","12/12/2021",31,"-",0.30131,"-",2.0417,"-",NA,"",NA,6.77607779363446,730,"CC","bent",9,11,74.5,"779",10,"4,7,9,11,13,15,17,19,21,24","n","73","has some buds; 3 primary stalks were noted as tiny",28.92,20,"12","4",738,"SB",""
"R2-2-CF","RODA","2","2","Current/Future","yes","6.579","56.3471","49.7681","5","180.52","124.17","2.50","120.15","22.74","29.32",142.83,"","5","6/28/2021","","10/5/2021","10/15/2021","","10/15/2021",0.0572,0.0671,0.007,"",2.602,9.497,"","",371.714285714286,0.104321907600596,0.835274542429284,6,"",14,"n",33,0,"",NA,"",33,8,"","11/13/2021",32,"0.5248",0.1423,"1.0207",0.3007,"-",NA,"",NA,2.11314125087843,105,"TM","leaning",9,1,32.5,"120",10,"2,4,6,8,10,12,14,16,18,20,22","y","0","",19.16,12.06,"4","6",491,"CH",""
"R2-2-F","RODA","2","2","Future","yes","7.18","56.7242","49.5442","6","168.85","112.13","2.26","119.61","22.64","29.82",142.19,"","6","6/27/2021","","10/12/2021","10/23/2021","","10/23/2021",0.0418,0.0507,0.0052,"",1.792,9.112,"","",344.615384615385,0.102564102564103,0.804395604395604,8,"",16,"n",31,0,"",38,"",NA,NA,"","11/24/2021",36,"-",0.13356,"-",0.21657,"-",NA,"",NA,1.62151841868823,55,"SB","straight",9,8,24,"62",10,"1,4,7,9,11,13,16,18,20,22","n","25","7primary stalks noted as tiny",22.66,14.89,"9","7",528,"CC","SB recounted fruint 8/15/24 and got 55. There are lots of small nonfruits/ open flowers so using my count rather than the initial 85 (TX)"
"R21-1-C","RODA","21","1","Current","yes","7.466","57.6305","50.1645","2","177.25","119.62","2.38","121.10","22.92","30.39",143.97,"","2","6/29/2021","? Not marked as empty in my check on 7/7 or 7/13. but no date written down in notebook; definitely not empty and I took a photo on 7/8/2021 and it looks decently far along. Photo on 6/29 of emergence","10/10/2021","10/23/2021","","10/23/2021",0.1011,0.1236,0.0096,"removed leaf 9/30",4.28,14.894,"","",445.833333333333,0.0776699029126214,0.802631578947368,6,"",13,"n",26,0,"",28,"",NA,NA,"","12/8/2021",25,"-",0.25357,"-",NA,"-",NA,"mistake with reproductive mass! 2.0414 is an estimate",NA,NA,646,"CC","bent",9,14,72,"701",10,"6,8,10,12,14,16,18,20,22,24","n","89","2 primary stalks noted as tiny",29.31,19.4,"12","2",739,"",""
"R21-1-CF","RODA","21","1","Current/Future","yes","6.537","57.0177","50.4807","3","175.4","118.38","2.35","121.87","23.07","29.60",144.88,"","3","6/29/2021","","10/7/2021","10/22/2021","","10/22/2021",0.0383,0.0479,0.0049,"",1.791,7.898,"","",365.510204081633,0.102296450939457,0.776744186046512,6,"",12,"n",30,0,"",30,"",NA,NA,"","11/22/2021",29,"-",0.1199,"-",0.20611,"-",NA,"",NA,1.71901584653878,32,"TX","straight",7,8,23.5,"83",10,"2,4,6,8,10,12,14,16,25,26","n","23","7 primary stalks noted as tiny; 2 additional branches with no flowers",19.75,12.08,"4","3",389,"CH",""
"R21-1-F","RODA","21","1","Future","yes","6.562","57.0099","50.4479","7","154.64","97.63","1.94","121.79","23.05","29.61",144.78,"","7","6/28/2021","","10/10/2021","10/24/2021","","10/24/2021",0.0524,0.0619,0.0078,"",2.15,8.687,"","",275.641025641026,0.126009693053312,0.824399260628466,7,"",16,"n",36,0,"",35,"",NA,NA,"","11/19/2021",35,"-",0.16636,"-",0.29706,"-",NA,"",NA,1.7856455878817,75,"TX","bent",8,1,32.5,"178",10,"7,9,12,14,16,18,20,22,24,26","n","19","; 1 additional branch with no flowers",NA,NA,"","",NA,"",""
"R21-2-C","RODA","21","2","Current","yes","6.67","56.604","49.934","7","175.94","119.34","2.39","120.55","22.82","29.49",143.31,"","7","6/29/2021","","10/12/2021","10/26/2021","","10/26/2021",0.1431,0.1745,0.0147,"",4.872,15.468,"","",331.428571428571,0.0842406876790831,0.803504380475595,6,"",12,"n",28,0,"",31,"",NA,NA,"","12/3/2021",28,"-",0.32506,"-",2.0731,"-",NA,"",NA,6.37759182920076,485,"TX","bent",10,8,64.5,"738",10,"3,5,8,10,12,14,16,18,20,22","n","107","",28.87,20.32,"11","2",718,"",""
"R21-2-CF","RODA","21","2","Current/Future","yes","6.243","55.866","49.623","3","181.13","125.26","2.52","119.80","22.68","28.92",142.42,"","3","6/28/2021","","10/9/2021","10/14/2021","","10/14/2021",0.0499,0.0586,0.0054,"",2.179,9.133,"","",403.518518518518,0.0921501706484642,0.836466165413534,6,"",12,"n",32,0,"",32,"",34,0,"","11/21/2021",28,"-",0.11638,"-",0.30215,"-",NA,"",NA,2.59623646674686,75,"TX","straight",7,5,34,"115",10,"3,5,7,9,11,13,15,17,19,22","n","7","4 primary stalks noted as tiny; 3 additional branches with no flowers",22.07,14.64,"5","4",566,"","KB assumed"
"R21-2-F","RODA","21","2","Future","yes","6.869","56.6538","49.7848","6","181.28","124.63","2.50","120.19","22.75","29.62",142.88,"","6","6/27/2021","","10/11/2021","10/22/2021","","10/22/2021",0.0695,0.0836,0.0079,"",2.861,11.856,"","",362.151898734177,0.0944976076555024,0.813738441215324,8,"",20,"n",39,0,"",41,"",NA,NA,"","12/7/2021",40,"-",0.27425,"-",0.43281,"-",NA,"",NA,1.57815861440292,254,"TX","straight",8,7,33.5,"294",10,"3,5,7,9,11,13,15,17,20,21","n","9","6 primary stlaks noted as tiny; 1 additional branch with no flowers",21.95,13.55,"1","4",385,"KB",""
"R26-1-C","RODA","26","1","Current","yes","6.734","56.9425","50.2085","3","181.35","124.41","2.48","121.21","22.94","29.68",144.1,"","3","7/1/2021","","10/14/2021","10/27/2021","","10/27/2021",0.1057,0.1171,0.0086,"",4.157,14.359,"","",483.372093023256,0.0734415029888984,0.894930875576037,4,"",10,"n",26,0,"",30,"",29,8,"","12/10/2021",26,"-",0.24704,"-",1.79954,"-",NA,"",NA,7.28440738341969,627,"CC","bent",9,10,70.5,"658",10,"2,4,7,9,11,13,15,17,19,22","n","107","has buds; 1 primary stalk noted as tiny and an additional not counted stalk with no flowers. Labelled as R26-1-F - see raw datasheet last page for SB initial notes on choosing to put here",27.94,19.04,"2","2",469,"",""
"R26-1-CF","RODA","26","1","Current/Future","yes","6.5","56.295","49.795","6","176.28","119.99","2.41","120.21","22.75","29.25",142.91,"","6","6/29/2021","","10/5/2021","10/18/2021","","10/18/2021",0.0526,0.0601,0.0054,"",2.325,10.098,"","",430.555555555556,0.0898502495840266,0.862888482632541,6,"",12,"n",29,0,"",NA,"envelope is blank",NA,NA,"","11/24/2021",30,"-",0.14447,"-",0.29709,"-",NA,"",NA,2.05641309614453,70,"TX","leaning",8,9,30.5,"99",10,"3,5,7,9,11,13,15,17,19,21","y","0","8 primary stalks noted as tiny",22.62,14.76,"6","4",406,"","KB assumed"
"R26-1-F","RODA","26","1","Future","yes","6.81","56.8717","50.0617","5","166.08","109.21","2.18","120.86","22.88","29.69",143.68,"","5","6/29/2021","","-","-","7/22/2021","-",NA,NA,NA,"dead after vern",NA,NA,"","",NA,NA,NA,0,"dead",0,"y",NA,NA,"",NA,"",NA,NA,"",NA,NA,NA,NA,NA,NA,NA,NA,NA,NA,NA,NA,NA,NA,NA,NA,NA,NA,NA,NA,NA,NA,NA,NA,NA,NA,NA,NA,NA,NA
"R26-2-C","RODA","26","2","Current","yes","6.666","57.0715","50.4055","2","181.93","124.86","2.48","121.69","23.03","29.70",144.66,"","2","6/29/2021","","10/12/2021","10/26/2021","","10/26/2021",0.1231,0.1502,0.0118,"looked wilty when collected",4.526,16.241,"","",383.559322033898,0.0785619174434088,0.804190751445087,4,"",14,"n",34,0,"",40,"",NA,NA,"","12/10/2021",42,"-",NA,"-",2.34497,"-",NA,"not sure on rosette mass because of error with labelling",NA,NA,NA,"EA","bent",10,13,75.5,"880",10,"2,4,6,8,10,13,15,17,19,21","n","121","has buds; 5 primary stalks noted as tiny",NA,NA,"","",NA,"","Image not found in folder for counting"
"R26-2-CF","RODA","26","2","Current/Future","yes","6.755","57.06","50.305","2","183.66","126.60","2.52","121.44","22.99","29.74",144.37,"","2","6/28/2021","","10/10/2021","10/25/2021","","10/25/2021",0.0339,0.0369,0.0051,"bolt notes. See notebook? Did not find a note",1.609,7.532,"","",315.490196078431,0.138211382113821,0.90566037735849,6,"",13,"n",26,0,"",27,"",NA,NA,"","12/14/2021",29,"-",0.09582,"-",0.2931,"-",NA,"",NA,3.05886036318096,171,"","bent",9,5,24.5,"183",10,"1,3,5,7,9,11,12,13,15,18","y","0","and leaning; 1 additional branch with no flowers; 3 primary stalks noted as tiny",20.73,12.68,"7","4",461,"","KB assumed"
"R26-2-F","RODA","26","2","Future","yes","7.376","56.9332","49.5572","3","184.02","127.09","2.56","119.64","22.65","30.02",142.23,"","3","6/27/2021","","10/8/2021","10/20/2021","7/22/2021","10/20/2021",0.0485,0.0565,0.0062,"",2.168,9.25,"","",349.677419354839,0.109734513274336,0.840954274353877,8,"",20,"n",37,0,"",37,"",38,10,"","12/14/2021",37,"-",NA,"-",0.4031,"-",NA,"mistake in labelling",NA,NA,NA,"","straight",8,6,33,"196",10,"4,7,9,11,13,15,17,20,22,24","y","0","5 primary stalks ntoed as tiny; 2 additional branches with no flowers",NA,NA,"","",NA,"","no count because can't distinguish this from other R26 in scan due to labelling error during harvest. For this reason also removing the 973 (CC) initially in the imageJ fruit count column"
"R29-1-C","RODA","29","1","Current","yes","7.425","57.6365","50.2115","8","176.3","118.66","2.36","121.22","22.94","30.37",144.11,"","8","6/30/2021","","10/11/2021","10/24/2021","","10/24/2021",0.1145,0.1273,0.0097,"",4.18,15.683,"","",430.927835051546,0.0761979575805185,0.891156462585034,6,"",11,"n",28,0,"",30,"",NA,NA,"","12/1/2021",26,"-",0.23142,"-",1.4518,"-",NA,"",NA,6.27344222625529,504,"TM","bent",9,11,56,"639",10,"4,6,9,13,18,20,22,24,26,29","n","70","",21.75,13.9,"6","2",649,"SB",""
"R29-1-CF","RODA","29","1","Current/Future","yes","6.854","56.5899","49.7359","8","173.27","116.68","2.35","120.07","22.73","29.58",142.74,"","8","6/28/2021","","10/10/2021","10/18/2021","","10/18/2021",0.0432,0.0507,0.0053,"",1.802,7.962,"","",340,0.104536489151874,0.834801762114537,6,"",14,"n",28,0,"",31,"",29,8,"","12/14/2021",30,"-",0.11145,"-",0.4355,"-",NA,"",NA,3.90758187528039,247,"TX/CC","leaning",8,6,28.5,"267",10,"2,4,6,8,10,12,14,16,18,20","y","0","2 primary stalks noted as tiny; 1 additional with no flowers was not counted",21.15,13.48,"9","1",465,"",""
"R29-1-F","RODA","29","1","Future","yes","6.582","56.6102","50.0282","7","176.44","119.83","2.40","120.78","22.86","29.44",143.58,"","7","6/27/2021","","10/11/2021","10/23/2021","-","10/23/2021",0.058,0.0692,0.0064,"",2.456,10.948,"","",383.75,0.092485549132948,0.821656050955414,9,"",18,"n",35,0,"",39,"",NA,NA,"","11/24/2021",36,"-",0.16369,"-",0.30653,"-",NA,"",NA,1.87262508400024,62,"EA","straight",9,7,28,"116",10,"2,4,6,10,12,14,16,17,20,22","y","0","6 primary stalks ntoed as tiny",23.32,14.82,"7","3",536,"CH",""
"R29-2-C","RODA","29","2","Current","yes","6.709","57.0897","50.3807","5","180.62","123.53","2.45","121.63","23.02","29.73",144.59,"","5","6/29/2021","","10/11/2021","10/24/2021","","10/24/2021",0.1134,0.1291,0.0099,"",4.02,14.801,"","",406.060606060606,0.0766847405112316,0.868288590604027,6,"",14,"n",31,0,"",33,"",NA,NA,"","12/7/2021",30,"-",0.28259,"-",1.9503,"-",NA,"",NA,6.90151810042818,569,"","bent",10,10,74,"676",10,"4,6,9,12,14,16,18,20,22,26","n","52","2 primary stalks noted as tiny; 1 additional with no flowers was not counted; was statickly and lost some seeds during counting",34.08,22.67,"4","1",558,"",""
"R29-2-CF","RODA","29","2","Current/Future","yes","6.605","56.4432","49.8382","5","177.27","120.83","2.42","120.32","22.77","29.38",143.03,"","5","6/28/2021","","10/4/2021","10/20/2021","","10/20/2021",0.0477,0.0507,0.0053,"",2.09,9.625,"","",394.339622641509,0.104536489151874,0.933920704845815,4,"",12,"n",29,0,"",NA,"",29,9,"","11/22/2021",26,"-",0.12188,"-",0.28004,"-",NA,"",NA,2.29766983918608,59,"TX","straight",7,5,29.5,"106",10,"4,6,8,10,12,14,16,18,20,22","n","6","4 pirmary stalks noted as tiny; 2 additional branches with no flowers",21.53,13.91,"5","9",495,"SB",""
"R29-2-F","RODA","29","2","Future","yes","6.64","56.1467","49.5067","7","182.19","126.04","2.55","119.52","22.62","29.26",142.08,"","7","6/28/2021","","10/10/2021","10/23/2021","","10/23/2021",0.0437,0.0515,0.005,"",2.014,9.464,"","",402.8,0.0970873786407767,0.832258064516129,8,"",16,"n",36,0,"dark edges 8/26",38,"",NA,NA,"","11/22/2021",36,"-",0.1308,"-",0.27887,"-",NA,"",NA,2.13203363914373,87,"TX","straight",7,8,26,"117",10,"2,4,6,8,10,12,14,16,18,20","y","0","7 primary stalks noted as tiny; 2 additional branches with no flowers",23.09,14.87,"8","3",586,"CH",""
"R33-1-C","RODA","33","1","Current","yes","6.736","56.6859","49.9499","5","172.99","116.30","2.33","120.59","22.82","29.56",143.36,"","5","7/1/2021","empty on 7/6","-","","","",NA,NA,NA,"dead after vern",NA,NA,"","",NA,NA,NA,0,"",0,"y",NA,NA,"",NA,"",NA,NA,"",NA,NA,NA,NA,NA,NA,NA,NA,NA,NA,NA,NA,NA,NA,NA,NA,NA,NA,NA,NA,NA,NA,NA,NA,NA,NA,NA,NA,NA,NA
"R33-1-CF","RODA","33","1","Current/Future","yes","6.676","56.368","49.692","8","171.52","115.15","2.32","119.96","22.71","29.38",142.62,"","8","6/29/2021","","10/4/2021","10/12/2021","","10/12/2021",0.0774,0.0936,0.0083,"",4.192,11.871,"","",505.060240963855,0.0886752136752137,0.810082063305979,6,"",14,"n",33,0,"",NA,"",27,12,"","11/9/2021",32,"0.4848",0.13053,"1.5241",0.3931,"-",NA,"",NA,3.01156822186471,170,"TM","bent",11,9,33.5,"213",10,"3,10,13,15,17,19,20,22,2 on side","y","0","8 primary stalks noted as tiny",20.8,13.22,"4","7",517,"CC",""
"R33-1-F","RODA","33","1","Future","yes","6.748","56.5441","49.7961","5","173.71","117.17","2.35","120.22","22.75","29.50",142.91,"","5","6/27/2021","","10/13/2021","10/23/2021","","10/23/2021",0.0428,0.0507,0.0048,"",2.095,8.779,"","",436.458333333333,0.0946745562130177,0.827886710239651,8,"",19,"n",37,0,"",42,"",NA,NA,"","11/15/2021",35,"-",0.14128,"-",0.28818,"-",NA,"",NA,2.03977916194791,119,"TM","leaning",13,1,27,"157",10,"4,6,8,10,12,14,15,17,19,21","y","0","3 branches are only just started",17.96,11.2,"2","10",500,"SB","old count ( no initials) was 529; with counting small darker ones: 527"
"R33-2-C","RODA","33","2","Current","yes","6.627","56.4836","49.8566","4","180.42","123.94","2.49","120.36","22.78","29.41",143.09,"","4","6/30/2021","","10/5/2021","10/25/2021","","10/25/2021",0.1421,0.1581,0.0124,"removed 1 leaf 9/30",5.832,18.342,"","",470.322580645161,0.0784313725490196,0.890185312285518,4,"",14,"n",27,0,"",NA,"",NA,NA,"","11/24/2021",27,"-",0.27448,"-",1.7046,"-",NA,"",NA,6.21028854561352,567,"TM","broken",12,12,61,"901",10,"9,11,13,15,17,19,21,23,25,27","n","76","",23.76,14.54,"2","7",628,"CC",""
"R33-2-CF","RODA","33","2","Current/Future","yes","6.797","56.9741","50.1771","7","179.97","123.00","2.45","121.13","22.93","29.73",144.01,"","7","6/29/2021","","10/4/2021","10/13/2021","","10/13/2021",0.0461,0.0585,0.0067,"",2.434,9.132,"","",363.283582089552,0.114529914529915,0.760617760617761,6,"",15,"n",34,0,"",NA,"",27,14,"","11/15/2021",27,"-",0.09775,"-",0.354,"-",NA,"",NA,3.62148337595908,149,"TM","leaning",11,8,31,"185",10,"8,10,12,14,16,18,20,22,24,26","y","0","one branch is only just started; 7 primary stalks noted as tiny",17.01,10.12,"5","8",491,"EA",""
"R33-2-F","RODA","33","2","Future","yes","7.482","57.2604","49.7784","4","165.66","108.40","2.18","120.17","22.75","30.23",142.86,"","4","6/28/2021","","10/10/2021","10/24/2021","","10/24/2021",0.0429,0.0508,0.0055,"",1.92,7.758,"","",349.090909090909,0.108267716535433,0.82560706401766,7,"",18,"n",30,0,"",33,"",NA,NA,"","11/22/2021",36,"-",0.12154,"-",0.24772,"-",NA,"",NA,2.0381767319401,84,"TX","bent",10,4,26.5,"125",10,"4,6,8,10,12,15,17,20,5,1 on side","y","0","and leaning; 2 additional branches with no flowers; 3 primary stalks noted as tiny",18.16,11.32,"10","7",505,"CC","counted small dark seeds"
"R35-1-C","RODA","35","1","Current","yes","7.087","57.5151","50.4281","2","181.35","123.83","2.46","121.74","23.04","30.13",144.73,"","2","6/29/2021","","10/12/2021","10/25/2021","","10/25/2021",0.1061,0.1244,0.0096,"",4.061,13.741,"","",423.020833333333,0.0771704180064309,0.840592334494774,6,"",14,"n",34,0,"",39,"",NA,NA,"","12/2/2021",34,"-",0.32028,"-",2.0256,"-",NA,"",NA,6.32446609216935,513,"CC","bent",9,12,70,"636",10,"4,6,8,10.12.14.16.18.20,22","n","73","could keep going",31.11,20.86,"11","6",686,"CC",""
"R35-1-CF","RODA","35","1","Current/Future","yes","6.841","57.2891","50.4481","8","175.8","118.51","2.35","121.79","23.05","29.89",144.79,"","8","6/28/2021","","10/7/2021","10/21/2021","7/22/2021","10/21/2021",0.0349,0.0452,0.0074,"",1.599,7.687,"","",216.081081081081,0.163716814159292,0.727513227513228,6,"",14,"n",34,0,"",36,"",30,10,"","11/24/2021",32,"-",0.13004,"-",0.23403,"-",NA,"",NA,1.79967702245463,73,"TX","straight",7,6,26.5,"109",10,"5,7,9,11,13,15,17,19,21,23","y","0","5 pirmary stalks noted as tiny; 3 additional branches with no flowers",16.12,10.22,"12","5",325,"CC",""
"R35-1-F","RODA","35","1","Future","yes","6.647","56.7971","50.1501","8","155.37","98.57","1.97","121.07","22.92","29.56",143.93,"","8","6/27/2021","","10/10/2021","10/22/2021","","10/22/2021",0.0529,0.0643,0.0067,"",2.248,9.325,"","",335.522388059702,0.104199066874028,0.802083333333333,8,"",20,"n",40,0,"",44,"",NA,NA,"","11/22/2021",41,"-",0.22951,"-",0.35276,"-",NA,"",NA,1.53701363774999,117,"TX","straight",8,7,26.5,"222",10,"2,4,7,9,11,13,18,25,2 from sides","n","29","6 primary stalks noted as tiny",21.17,13.78,"10","3",448,"CH",""
"R35-2-C","RODA","35","2","Current","yes","6.332","56.0429","49.7109","6","175.98","119.94","2.41","120.01","22.72","29.05",142.67,"","6","6/29/2021","maybe dead on 7/22","10/14/2021",NA,"",NA,NA,NA,NA,NA,NA,NA,NA,NA,NA,NA,NA,2,"picture out of order.",6,"n",17,0,"",21,"",NA,NA,"",NA,NA,NA,NA,NA,NA,NA,NA,NA,NA,NA,NA,NA,NA,NA,NA,NA,NA,NA,NA,NA,NA,NA,NA,NA,NA,NA,NA,NA,NA
"R35-2-CF","RODA","35","2","Current/Future","yes","6.633","56.442","49.809","4","174.86","118.42","2.38","120.25","22.76","29.39",142.95,"","4","6/29/2021","","10/7/2021","10/18/2021","","10/18/2021",0.0475,0.0587,0.0074,"",2.217,9.695,"","",299.594594594595,0.126064735945486,0.781676413255361,6,"",12,"n",31,0,"",32,"",29,8,"","11/22/2021",29,"-",0.14183,"-",0.26708,"-",NA,"",NA,1.8830994852993,63,"TX","straight",8,5,27,"132",10,"4,6,8,10,12,14,16,18,20,22","n","21","4 primary stalks noted as tiny",20.01,12.85,"5","7",437,"CC",""
"R35-2-F","RODA","35","2","Future","yes","6.665","56.5998","49.9348","3","180.03","123.43","2.47","120.55","22.82","29.48",143.31,"","3","6/27/2021","","10/11/2021","10/24/2021","","10/24/2021",0.0638,0.0747,0.0076,"",2.389,9.973,"","",314.342105263158,0.101740294511379,0.837555886736214,7,"",16,"n",34,0,"",35,"",NA,NA,"","11/24/2021",36,"-",0.16365,"-",0.28163,"-",NA,"",NA,1.72092881148793,78,"TX","straight",9,8,30.5,"103",10,"3,5,7,9,11,13,15,17,19,21","n","2","7 primary stalks noted as tiny",22.24,14.43,"12","3",511,"CH",""
"R40-1-C","RODA","40","1","Current","yes","6.425","56.6157","50.1907","mix","190.79","134.17","2.67","121.17","22.93","29.36",144.05,"","mix","6/29/2021","","10/13/2021","10/25/2021","","10/25/2021",0.1428,0.1526,0.0129,"",5.013,16.067,"","",388.604651162791,0.0845347313237221,0.929849677881174,4,"",12,"n",29,0,"",34,"",NA,NA,"","12/1/2021",28,"-",0.29817,"-",1.6587,"-",NA,"",NA,5.5629338967703,474,"TM","bent",10,12,69,"679",10,"5,7,9,12,14,16,19,21,23,25","n","67","1 pirmary stalk is noted as tiny",30.28,20.4,"9","5",711,"CC",""
"R40-1-CF","RODA","40","1","Current/Future","yes","6.725","56.6833","49.9583","mix","195.04","138.36","2.77","120.61","22.83","29.55",143.38,"","mix","6/29/2021","","10/14/2021","10/23/2021","","10/23/2021",0.0446,0.0535,0.0057,"",1.924,7.947,"","",337.543859649123,0.106542056074766,0.813807531380753,6,"",13,"n",29,0,"",30,"",NA,NA,"","11/24/2021",27,"-",0.09489,"-",0.14465,"-",NA,"",NA,1.52439666982822,31,"TX","straight",7,8,25,"45",10,"3,5,7,10,13,16,18,20,22,24","y","0","7 primary stalks noted as tiny; 1 additional branch with no flowers",19.49,13.12,"11","5",511,"CC",""
"R40-1-F","RODA","40","1","Future","yes","6.521","56.9884","50.4674","2","175.56","118.57","2.35","121.84","23.06","29.58",144.84,"","2","6/27/2021","","10/12/2021","10/24/2021","","10/24/2021",0.0437,0.0527,0.0059,"",1.865,8.706,"","",316.101694915254,0.111954459203036,0.807692307692308,7,"",16,"n",33,0,"",37,"",NA,NA,"","11/22/2021",35,"-",0.13378,"-",0.24762,"-",NA,"",NA,1.85094931977874,73,"TX","straight",8,9,24,"88",10,"4,6,8,10,12,14,16,18,20,22","y","0","8 primary stalks ntoed as tiny",21.81,14.42,"11","8",524,"EA","SB recounted 526 in 8/2024"
"R40-2-C","RODA","40","2","Current","yes","6.537","56.3305","49.7935","5","181.61","125.28","2.52","120.21","22.75","29.29",142.91,"","5","6/29/2021","","10/12/2021","10/25/2021","","10/25/2021",0.1522,0.18,0.0147,"",5.554,17.705,"","",377.823129251701,0.0816666666666667,0.831820931639443,4,"",12,"n",28,0,"",34,"",NA,NA,"","12/7/2021",28,"-",0.45431,"-",1.776,"-",NA,"",NA,3.90922497853888,555,"TX","bent",9,11,71.5,"627",10,"3,5,7,9,12,15,17,29,21,23","n","66","1 primary stalk was noted as tiny",27.54,18.56,"5","1",714,"",""
"R40-2-CF","RODA","40","2","Current/Future","yes","6.72","56.3968","49.6768","6","179.18","122.78","2.47","119.93","22.70","29.42",142.57,"","6","7/8/2021","? Not marked as empty in my check on 7/7 or 7/13 and no date in notebook; photo on 7/8 has a decently far along plant.","10/10/2021","10/20/2021","","10/20/2021",0.0442,0.05,0.0047,"",2.046,8.389,"","",435.31914893617,0.094,0.8719646799117,4,"",9,"n",27,0,"",27,"",25,8,"","11/24/2021",23,"-",0.08141,"-",0.2218,"-",NA,"",NA,2.72448102198747,59,"TX","straight",7,7,30.5,"81",10,"2,4,6,8,10,12,14,16,19,21","n","31","6 primary stalks noted as tiny; 1 additional branch with no flowers",21.96,14.53,"4","9",551,"SB",""
"R40-2-F","RODA","40","2","Future","yes","7.131","57.6192","50.4882","7","175.41","117.79","2.33","121.89","23.07","30.20",144.9,"","7","6/27/2021","","10/11/2021","10/24/2021","","10/24/2021",0.0403,0.0512,0.0089,"",1.625,7.565,"","",182.584269662921,0.173828125,0.742316784869976,5,"",14,"n",35,0,"",35,"",NA,NA,"","12/1/2021",35,"-",0.12464,"-",0.2481,"-",NA,"",NA,1.99053273427471,179,"TM","bent",7,7,25,"222",7,"9,12,14,16,17,22,34","n","22","and leaning; 1 additional branch with no flowers; 6 primary stalks ntoed as tiny",12.4,7.36,"11","7",229,"CC","SB recounted 232 in 8/2024"
"R47-1-C","RODA","47","1","Current","yes","7.425","57.1379","49.7129","3","178.6","121.46","2.44","120.01","22.72","30.14",142.68,"","3","7/8/2021","just super late.","10/20/2021","10/30/2021","-","10/30/2021",0.1182,0.127,0.0099,"",4.65,16.776,"","",469.69696969697,0.0779527559055118,0.924850555081127,2,"",6,"n",20,0,"",25,"",NA,NA,"","12/8/2021",21,"-",0.16186,"-",NA,"-",NA,"mistake with reproductive mass!1.2501 is my best estimate",NA,NA,498,"CC","bent",8,9,62,"565",10,"3,6,8,10,12,14,16,18,20,22","n","79","3 primarystalks were noted as tiny",25.71,17.41,"7","2",697,"",""
"R47-1-CF","RODA","47","1","Current/Future","yes","6.676","56.2258","49.5498","6","184.22","127.99","2.58","119.62","22.64","29.32",142.21,"","6","6/29/2021","","10/10/2021","10/22/2021","","10/22/2021",0.0489,0.0577,0.0067,"",2.195,8.38,"","",327.611940298507,0.116117850953206,0.827450980392157,6,"",13,"n",31,0,"",33,"",NA,NA,"","11/23/2021",32,"-",0.17038,"-",0.3123,"0.55",0.12339,"",0.255635203447419,1.83296161521305,145,"TX","straight",8,6,31,"177",10,"4,7,10,11,13,15,18,28,30,32","n","105","5 primary stalks noted as tiny",18.66,11,"6","7",431,"EA",""
"R47-1-F","RODA","47","1","Future","yes","6.351","56.6193","50.2683","6","181.09","124.47","2.48","121.36","22.97","29.32",144.27,"","6","6/29/2021","","10/9/2021","10/22/2021","","10/22/2021",0.0414,0.0497,0.0054,"",1.806,8.952,"","",334.444444444444,0.108651911468813,0.812641083521445,6,"",14,"n",35,0,"",35,"",NA,NA,"","11/23/2021",36,"-",0.27053,"-",0.23648,"0.85",0.18813,"",0.371057770063707,0.874135955346912,95,"TX","straight",7,6,28.5,"108",10,"2,4,6,8,10,12,14,16,22,24","n","38","5 primary stalks noted as tiny",18.54,11.94,"11","3",408,"CH",""
"R47-2-C","RODA","47","2","Current","yes","6.749","56.6172","49.8682","3","178.74","122.12","2.45","120.39","22.79","29.54",143.12,"","3","6/28/2021","","10/12/2021","10/25/2021","","10/25/2021",0.0813,0.0928,0.0076,"",3.049,12.729,"","",401.184210526316,0.0818965517241379,0.865023474178404,6,"",12,"n",25,0,"",31,"",NA,NA,"","12/8/2021",24,"-",0.22836,"-",1.9483,"-",NA,"",NA,8.53170432650201,425,"CC","bent",9,9,71,"714",10,"3,8,11,13,15,17,19,21,23,25","n","135","",29.87,20.15,"TEST","TEST",554,"SB","722 in IMG_001"
"R47-2-CF","RODA","47","2","Current/Future","yes","6.295","56.3773","50.0823","4","177.61","121.23","2.42","120.91","22.89","29.18",143.74,"","4","6/29/2021","","10/5/2021","10/16/2021","","10/16/2021",0.0593,0.0688,0.0071,"",2.789,9.8,"","",392.816901408451,0.103197674418605,0.846029173419773,5,"",13,"n",31,0,"",NA,"",29,7,"includes leaf removed at flowering … counted at flower","11/16/2021",30,"-",0.17241,"-",0.29114,"-",NA,"",NA,1.68864915028131,111,"TM","bent",7,1,32,"139",11,"10,12,14,16,20,22,24,26,28,30,32","n","16","",19.89,11.59,"6","8",490,"EA",""
"R47-2-F","RODA","47","2","Future","yes","6.545","56.9372","50.3922","3","161.1","104.16","2.07","121.65","23.03","29.57",144.62,"","3","6/28/2021","","10/11/2021","10/23/2021","","10/23/2021",0.0541,0.0649,0.0071,"",2.313,9.665,"","",325.774647887324,0.10939907550077,0.813148788927336,8,"",18,"n",38,0,"",40,"",NA,NA,"","11/13/2021",37,"1.0106",0.20062,"1.0377",0.24564,"-",NA,"",NA,1.22440434652577,81,"TM","leaning",8,1,29,"89",10,"6,8,10,12,14,16,18,20,22,24","n","4","",17.51,9.61,"9","3",500,"CH",""
"R47-3-C","RODA","47","3","Current","yes","6.784","56.5475","49.7635","5","175.25","118.70","2.39","120.14","22.74","29.52",142.82,"","5","6/29/2021","","10/12/2021","10/26/2021","","10/26/2021",0.1195,0.1402,0.0107,"",4.833,15.829,"","",451.682242990654,0.0763195435092725,0.84015444015444,6,"",13,"n",28,0,"",31,"",NA,NA,"","12/6/2021",25,"1.93",0.23074,"6.97",1.6503,"0.81",0.21055,"",0.111932760600519,7.1522059460865,558,"TX","bent",10,12,70,"715",10,"5,8,13,15,18,22,25,27,34,40","n","98","",28.12,18.83,"8","4",707,"","KB assumed"
"R47-3-CF","RODA","47","3","Current/Future","yes","6.451","56.8807","50.4297","2","181.07","124.19","2.46","121.74","23.04","29.50",144.73,"","2","7/1/2021","","10/14/2021","10/23/2021","","10/23/2021",0.0482,0.0595,0.006,"",2.29,9.094,"","",381.666666666667,0.100840336134454,0.788785046728972,4,"",9,"n",30,0,"",30,"",NA,NA,"","10/28/2021",28,"1.02",0.09592,"0.23",0.02663,"0.17",0.05653,"",0.461281109751122,0.277627189324437,NA,"","",NA,NA,NA,"no fruits",NA,"","","","harvested at flower",NA,NA,"","",NA,"",""
"R47-3-F","RODA","47","3","Future","yes","6.823","57.2878","50.4648","7","170.16","112.87","2.24","121.83","23.06","29.88",144.83,"","7","6/28/2021","","10/12/2021","10/24/2021","","10/24/2021",0.053,0.0643,0.0062,"",2.382,9.802,"","",384.193548387097,0.0964230171073095,0.805507745266781,7,"",17,"n",38,0,"",42,"",NA,NA,"","10/28/2021",38,"2.25",0.20367,"0.67",0.08428,"0.37",0.08225,"",0.285639868032645,0.413806648009034,NA,"","",NA,NA,NA,"some fruits",NA,"","","","harvested at flower",NA,NA,"","",NA,"",""
"R47-4-C","RODA","47","4","Current","yes","6.776","57.136","50.36","7","176.97","119.83","2.38","121.58","23.01","29.79",144.53,"","7","6/29/2021","","10/12/2021","10/26/2021","-","10/26/2021",0.1613,0.1955,0.0154,"",5.83,16.754,"","",378.571428571429,0.078772378516624,0.810105496946141,4,"",12,"n",28,0,"",31,"",NA,NA,"","10/28/2021",25,"2.82",0.25508,"1.18",0.11322,"-",0.20106,"",0.545913657344556,0.443860749568763,NA,"","",NA,NA,NA,"no fruits",NA,"","","","harvested at flower",NA,NA,"","",NA,"",""
"R47-4-CF","RODA","47","4","Current/Future","yes","6.578","56.1885","49.6105","8","175.05","118.86","2.40","119.77","22.67","29.25",142.38,"","8","6/30/2021","","10/9/2021","10/23/2021","","10/23/2021",0.0558,0.0669,0.0068,"",2.459,9.035,"","",361.617647058824,0.101644245142003,0.815307820299501,4,"",12,"n",31,0,"",32,"",NA,NA,"","10/28/2021",31,"1.96",0.17492,"0.43",0.05513,"0.53",0.09882,"",0.429558791567051,0.315172650354448,NA,"","",NA,NA,NA,"some fruits",NA,"","","","harvested at flower",NA,NA,"","",NA,"",""
"R47-4-F","RODA","47","4","Future","yes","6.707","56.6819","49.9749","mix","169.48","112.80","2.26","120.65","22.84","29.54",143.43,"","mix","6/29/2021","","10/13/2021","10/24/2021","","10/24/2021",0.0419,0.0495,0.0054,"",1.832,8.749,"","",339.259259259259,0.109090909090909,0.827664399092971,6,"",13,"n",31,0,"",35,"",NA,NA,"","10/28/2021",31,"1.01",0.12895,"0.26",0.0651,"0.06",0.04532,"",0.233548054625097,0.504846839860411,NA,"","",NA,NA,NA,"some fruits",NA,"","","","harvested at flower",NA,NA,"","",NA,"",""
"R47-5-C","RODA","47","5","Current","yes","7.323","57.4457","50.1227","1","186.63","129.18","2.58","121.00","22.90","30.23",143.85,"","1","6/29/2021","","10/14/2021","10/25/2021","","10/25/2021",0.0927,0.1088,0.0086,"",3.626,12.87,"","",421.627906976744,0.0790441176470588,0.839321357285429,4,"",10,"n",25,0,"",29,"",NA,NA,"","10/28/2021",24,"2.22",0.20933,"0.93",0.09302,"0.39",0.11717,"",0.387531007110964,0.444370133282377,NA,"","",NA,NA,NA,"",NA,"","","","harvested at flower",NA,NA,"","",NA,"",""
"R47-5-CF","RODA","47","5","Current/Future","yes","6.815","57.2219","50.4069","1","183.37","126.15","2.50","121.69","23.03","29.85",144.67,"","1","6/28/2021","","10/13/2021","10/24/2021","-","10/24/2021",0.0413,0.0522,0.0064,"",1.814,7.241,"","",283.4375,0.122605363984674,0.762008733624454,4,"",11,"n",27,0,"",31,"",NA,NA,"","11/23/2021",27,"-",0.13318,"-",0.1607,"0.29",0.07105,"",0.241765346399891,1.20663763327827,42,"TX","straight",6,8,21.5,"61",10,"2,4,6,8,10,12,17,19,21,23","n","18","7 primary stalks noted as tiny; 2 additional branches with no flowers",19.85,12.78,"7","7",435,"EA",""
"R47-5-F","RODA","47","5","Future","yes","7.506","57.1761","49.6701","4","173.6","116.42","2.34","119.91","22.70","30.20",142.55,"","4","6/27/2021","","10/13/2021","10/26/2021","","10/26/2021",0.0526,0.0633,0.0074,"",2.035,9.949,"","",275,0.116903633491311,0.808586762075134,7,"",16,"n",36,0,"",41,"",NA,NA,"","11/23/2021",38,"-",0.18823,"-",0.20531,"0.57",0.11062,"",0.281089596991411,1.09074005206396,77,"TX","bent",8,6,23.5,"114",10,"6,13,17,19,21,23,25,27, 2 from sides","n","6","5 primary stalks ntoed as tiny; 1 additional branch with no flowers",19.76,12.31,"12","8",425,"EA",""
"R47-6-C","RODA","47","6","Current","yes","6.579","56.1472","49.5682","1","172.72","116.57","2.35","119.66","22.65","29.23",142.26,"","1","7/1/2021","","10/15/2021","10/25/2021","-","10/25/2021",0.109,0.1236,0.0101,"",4.599,14.558,"","",455.346534653465,0.0817152103559871,0.87136563876652,4,"",9,"n",23,0,"",28,"",NA,NA,"","12/6/2021",22,"1.61",0.17616,"7.67",1.6788,"0.48",0.17948,"",0.096756803381205,9.5299727520436,680,"CC","bent",9,12,56,"767",10,"2,19,22,24,26,28,30,32,34,36","n","120","",24.22,15.96,"2","6",725,"CH",""
"R47-6-CF","RODA","47","6","Current/Future","yes","6.74","56.7427","50.0027","1","180.95","124.21","2.48","120.71","22.85","29.59",143.51,"","1","6/30/2021","","-","-","-","-",NA,NA,NA,"dead after vern",NA,NA,"","",NA,NA,NA,2,"barely open cotelydons",0,"y",NA,NA,"",NA,"",NA,NA,"",NA,NA,NA,NA,NA,NA,NA,NA,NA,NA,NA,NA,NA,NA,NA,NA,NA,NA,NA,NA,NA,NA,NA,NA,NA,NA,NA,NA,NA,NA
"R47-6-F","RODA","47","6","Future","yes","6.749","56.2808","49.5318","1","179.37","123.09","2.49","119.58","22.63","29.38",142.16,"","1","","seeds bad","-","-","7/22/2021","-",NA,NA,NA,"dead after vern",NA,NA,"","",NA,NA,NA,0,"",0,"y",NA,NA,"",NA,"",NA,NA,"",NA,NA,NA,NA,NA,NA,NA,NA,NA,NA,NA,NA,NA,NA,NA,NA,NA,NA,NA,NA,NA,NA,NA,NA,NA,NA,NA,NA,NA,NA
"R5-1-C","RODA","5","1","Current","ues","6.769","57.0733","50.3043","7","179.19","122.12","2.43","121.44","22.99","29.76",144.37,"","7","7/12/2021","slow or env","10/22/2021","10/29/2021","","10/29/2021",0.0832,0.0916,0.0069,"",3.633,15.449,"","",526.521739130435,0.0753275109170306,0.900826446280992,4,"",5,"n",17,0,"",25,"",NA,NA,"","12/2/2021",20,"-",0.13606,"-",1.2257,"-",NA,"",NA,9.00852565044833,366,"TX","leaning",7,7,59.5,"467",10,"4,6,8,10,12,14,16,18,20,22","n","79","",24.68,16.96,"8","2",667,"",""
"R5-1-CF","RODA","5","1","Current/Future","yes","6.649","56.1757","49.5267","6","183.26","127.08","2.57","119.56","22.63","29.28",142.14,"","6","7/1/2021","","10/9/2021","10/22/2021","","10/22/2021",0.0421,0.0498,0.0042,"removed two leaves at flower on accident",1.944,8.622,"","",462.857142857143,0.0843373493975904,0.831140350877193,4,"",10,"n",28,0,"",29,"",NA,NA,"","11/22/2021",28,"-",0.13408,"-",0.26593,"-",NA,"",NA,1.98336813842482,67,"TX","straight",6,6,29.5,"101",10,"3,5,7,9,11,13,15,17,19,21","n","3","2 came off pedicel with number 17; 2 additional branches with no flowers; 5 primary stalks noted as tiny",19.08,12.02,"3","7",408,"CC",""
"R5-1-F","RODA","5","1","Future","yes","6.937","57.4256","50.4886","5","173.75","116.32","2.30","121.89","23.07","30.01",144.9,"","5","7/2/2021","looks empty on 7/9 and 7/13","-","-","","-",NA,NA,NA,"dead after vern",NA,NA,"","",NA,NA,NA,0,"",0,"y",NA,NA,"",NA,"",NA,NA,"",NA,NA,NA,NA,NA,NA,NA,NA,NA,NA,NA,NA,NA,NA,NA,NA,NA,NA,NA,NA,NA,NA,NA,NA,NA,NA,NA,NA,NA,NA
"R5-2-C","RODA","5","2","Current","yes","6.632","56.4349","49.8029","4","175.31","118.88","2.39","120.23","22.76","29.39",142.93,"","4","","seems to b generally slow to germinate but also could be an environment effect","-","","","",NA,NA,NA,"dead after vern",NA,NA,"","",NA,NA,NA,0,"",0,"y",NA,NA,"",NA,"",NA,NA,"",NA,NA,NA,NA,NA,NA,NA,NA,NA,NA,NA,NA,NA,NA,NA,NA,NA,NA,NA,NA,NA,NA,NA,NA,NA,NA,NA,NA,NA,NA
"R5-2-CF","RODA","5","2","Current/Future","yes","6.899","57.0154","50.1164","6","182.11","125.09","2.50","120.99","22.90","29.80",143.83,"","6","","slow or env","-","","","",NA,NA,NA,"",NA,NA,"","",NA,NA,NA,0,"",0,"y",NA,NA,"",NA,"",NA,NA,"",NA,NA,NA,NA,NA,NA,NA,NA,NA,NA,NA,NA,NA,NA,NA,NA,NA,NA,NA,NA,NA,NA,NA,NA,NA,NA,NA,NA,NA,NA
"R5-2-F","RODA","5","2","Future","yes","6.586","56.4884","49.9024","1","179.19","122.70","2.46","120.47","22.80","29.39",143.22,"","1","7/2/2021","looks empty on 7/7 and 7/13","-","-","7/22/2021","-",NA,NA,NA,"dead after vern",NA,NA,"","",NA,NA,NA,0,"",0,"y",NA,NA,"",NA,"",NA,NA,"",NA,NA,NA,NA,NA,NA,NA,NA,NA,NA,NA,NA,NA,NA,NA,NA,NA,NA,NA,NA,NA,NA,NA,NA,NA,NA,NA,NA,NA,NA
"R8-1-C","RODA","8","1","Current","yes","6.551","56.7733","50.2223","2","178.75","121.98","2.43","121.24","22.95","29.50",144.14,"","2","7/1/2021","","10/15/2021","10/25/2021","","10/25/2021",0.0913,0.1042,0.0088,"",3.723,13.857,"","",423.068181818182,0.0844529750479846,0.864779874213837,4,"",11,"n",24,0,"",31,"",NA,NA,"","12/7/2021",25,"-",0.2371,"-",1.9083,"-",NA,"",NA,8.0485027414593,599,"TX","bent",9,11,70,"819",10,"6,8,10,12,14,16,18,20,22,24","n","179","could keep going but is dehiscing",29.75,20.35,"1","1",722,"",""
"R8-1-CF","RODA","8","1","Current/Future","yes","6.543","56.1271","49.5841","1","179.41","123.28","2.49","119.70","22.66","29.20",142.31,"","1","6/29/2021","","10/5/2021","10/18/2021","","10/18/2021",0.0603,0.0718,0.0081,"",2.597,9.226,"","",320.617283950617,0.112813370473538,0.819466248037676,6,"",14,"n",33,0,"",NA,"",31,8,"","11/13/2021",29,"0.4313",0.14074,"0.717",0.2226,"-",NA,"",NA,1.58163990336791,68,"TM","straight",8,1,26.5,"90",10,"3,5,8,10,12,14,16,18,20,22","y","0","",18.13,11.58,"3","6",699,"CH",""
"R8-1-F","RODA","8","1","Future","yes","6.847","56.8825","50.0355","1","169.62","112.74","2.25","120.79","22.86","29.71",143.6,"","1","6/27/2021","","11/10/2021","11/16/2021","","11/16/2021",0.0167,0.0188,0.00167,"looks hydrated when leaf collected; dried on 10^-5 scale; was super late to flower",0.884,5.505,"approx 240pixels/cm","global scale did not work here. Had to measure alone.",529.341317365269,0.0888297872340426,0.877408056042032,8,"",18,"n",28,0,"",38,"",NA,NA,"","12/16/2021",37,"-",0.05134,"-",0.1524,"-",NA,"",NA,2.96844565640826,62,"","leaning",10,1,22,"102",10,"all over.","y","0","",11.96,6.97,"7","8",386,"EA",""
"R8-2-C","RODA","8","2","Current","yes","6.574","56.3091","49.7351","1","179.73","123.42","2.48","120.07","22.73","29.30",142.74,"","1","6/29/2021","","10/14/2021","10/27/2021","","10/27/2021",0.1191,0.1273,0.0104,"",4.825,15.775,"","",463.942307692308,0.0816967792615868,0.929854576561163,5,"",12,"n",22,0,"",29,"on 10/14",23,39,"1 started lateral shoot","12/7/2021",25,"-",0.193,"-",1.9623,"-",NA,"",NA,10.1673575129534,645,"TX","broken",10,13,63.5,"906",10,"2,4,6,8,13,15,20,22,24,26","n","134","1 pirmary stalk is noted as tiny",27.94,18.75,"2","1",727,"",""
"R8-2-CF","RODA","8","2","Current/Future","yes","6.535","56.6652","50.1302","1","180","123.33","2.46","121.02","22.91","29.44",143.87,"missed weighing this pot in the first round of weighing upstairs. Took 6/25 weight + 3g","1","6/28/2021","","10/8/2021","10/22/2021","","10/22/2021",0.0497,0.0601,0.0067,"",2.22,8.799,"","",331.34328358209,0.111480865224626,0.805243445692884,6,"",14,"n",29,0,"",32,"",NA,NA,"","11/22/2021",28,"-",0.10546,"-",0.22395,"-",NA,"",NA,2.12355395410582,58,"TX","",8,3,24.5,"114",10,"2,4,6,8,10,12,15,17,19,22","n","25","; 2 additional branches with no flowers; 2 primary stalks noted as tiny",21.29,13.26,"3","9",446,"SB",""
"R8-2-F","RODA","8","2","Future","yes","6.779","56.5793","49.8003","1","183.79","127.21","2.55","120.23","22.76","29.54",142.93,"","1","6/27/2021","","10/21/2021","10/27/2021","7/26/2021","10/27/2021",0.038,0.0496,0.0045,"not quite by 10.15",1.709,8.09,"","",379.777777777778,0.0907258064516129,0.742793791574279,9,"",20,"n",31,0,"",36,"",42,0,"on 10/21/21 which is the day it flowered","11/24/2021",39,"-",0.12699,"-",0.19108,"-",NA,"",NA,1.50468540829987,49,"TX","straight",10,8,22.5,"88",10,"2,4,6,8,10,12,14,16,18,1 on side","y","0","7 primary stalks ntoed as tiny",18.91,12.23,"8","8",461,"EA",""
"R9-1-C","RODA","9","1","Current","yes","6.549","56.8309","50.2819","1","176.96","120.13","2.39","121.39","22.98","29.53",144.31,"","1","6/30/2021","","10/14/2021","10/26/2021","","10/26/2021",0.1208,0.1426,0.0113,"",4.242,15.555,"","",375.398230088496,0.0792426367461431,0.833968012185834,6,"",11,"n",28,0,"",34,"",NA,NA,"","12/16/2021",28,"-",0.31559,"-",2.5963,"-",NA,"",NA,8.22681327038246,514,"TX","bent",10,12,75,"1108",10,"3,6,8,10,14,16,18,20,22,24","n","64","could keep going a little, 1 open; 1 not counted primary stalk with no flowers",28.59,19.12,"9","6",707,"CC",""
"R9-1-CF","RODA","9","1","Current/Future","yes","6.602","56.5949","49.9929","7","187.76","131.17","2.62","120.69","22.84","29.45",143.48,"","7","6/29/2021","","10/9/2021","10/21/2021","","10/21/2021",0.0407,0.0471,0.0039,"",1.918,8.023,"","",491.794871794872,0.0828025477707006,0.851851851851852,6,"",13,"n",28,0,"",31,"",28,15,"","11/24/2021",28,"-",0.09235,"-",0.2663,"-",NA,"",NA,2.88359501894965,73,"TX","bent",8,9,30.5,"88",10,"2,4,6,8,10,12,14,16,18,20","n","10","8 primary stalks noted as tiny",20.32,13.24,"4","2",512,"SB",""
"R9-1-F","RODA","9","1","Future","yes","6.774","57.1322","50.3582","6","180.78","123.65","2.46","121.57","23.01","29.79",144.53,"","6","","?","-","-","7/28/2021","-",NA,NA,NA,"dead after vern",NA,NA,"","",NA,NA,NA,0,"",0,"y",NA,NA,"",NA,"",NA,NA,"",NA,NA,NA,NA,NA,NA,NA,NA,NA,NA,NA,NA,NA,NA,NA,NA,NA,NA,NA,NA,NA,NA,NA,NA,NA,NA,NA,NA,NA,NA
"R9-2-C","RODA","9","2","Current","yes","6.445","56.6845","50.2395","1","179.67","122.99","2.45","121.29","22.96","29.40",144.19,"","1","6/30/2021","","10/6/2021","10/25/2021","","10/25/2021",0.1391,0.1571,0.0121,"",5.226,16.156,"","",431.900826446281,0.0770210057288351,0.875862068965517,6,"",12,"n",25,0,"bolt 10/6",NA,"bolt 10/6",NA,NA,"","12/16/2021",26,"-",0.25721,"-",1.986,"-",NA,"",NA,7.72131721161697,807,"CC","bent",10,9,77,"889",10,"5,7,9,11,13,18,20,22,24,26","n","52","could keep going, 0 open",28.03,19.24,"7","5",701,"CC",""
"R9-2-CF","RODA","9","2","Current/Future","yes","6.71","56.4991","49.7891","8","176.11","119.61","2.40","120.20","22.75","29.46",142.89,"","8","6/28/2021","","10/10/2021","10/23/2021","","10/23/2021",0.0392,0.0481,0.0055,"",1.754,8.118,"","",318.909090909091,0.114345114345114,0.791079812206573,6,"",12,"n",28,0,"",32,"",NA,NA,"","11/24/2021",30,"-",0.13285,"-",0.27848,"-",NA,"",NA,2.09619872036131,69,"TX","bent",8,7,29.5,"95",10,"1,3,4,6,8,10,12,14,16,19","n","6","6 primary stalks noted as tiny",19.95,12.53,"7","1",442,"",""
"R9-2-F","RODA","9","2","Future","yes","7.32","57.0309","49.7109","7","179.88","122.85","2.47","120.01","22.72","30.04",142.67,"","7","6/28/2021","","10/13/2021","10/26/2021","","10/26/2021",0.056,0.0636,0.0063,"",2.32,10.351,"","",368.253968253968,0.0990566037735849,0.867364746945899,7,"",16,"n",33,0,"",36,"",NA,NA,"","11/24/2021",36,"-",0.15901,"-",0.26498,"-",NA,"",NA,1.66643607320294,77,"TX","straight",12,7,24.5,"100",10,"4,6,8,10,12,14,16,18,20,23","n","9","6 primary stalks noted as tiny",20.96,14.38,"10","8",487,"EA",""
